image_name,num_distractors,target_type,orientation,color,focus,shape,size,location,pattern
P033syozPYPHD.jpg,50,tulip,0,1,0,0,0,0,0
P79bPJCh9EZ2R.jpg,50,tulip,0,1,0,0,0,0,0
P7SYCirHRuC7Z.jpg,4,dress,0,1,0,0,0,0,0
PBXomUOnnV9H9.jpg,5,pig,1,0,0,0,0,1,0
PBptfSNid2fFy.jpg,11,flower pot,0,1,0,0,0,0,0
PcrxGAfU38qFW.jpg,20,tulip,0,1,0,0,1,0,0
R1O8PFBIhxnmk.jpg,5,egg,0,0,0,0,1,0,0
R2edRhTuUxr2x.jpg,3,goose,1,0,0,0,0,1,0
R5xT4fWjmapZg.jpg,8,robot,0,1,0,0,0,0,0
R9YFf3Z88nbJB.jpg,50,lantern,1,0,0,0,0,0,0
R9wbN8ginDiAq.jpg,10,berry,0,1,0,0,0,0,0
RC0XcdwKnvfGV.jpg,7,shoe,0,1,0,1,0,0,0
RG5r8dbOOKK59.jpg,2,egg,0,0,0,1,1,0,0
RHAEDClwsT1Xz.jpg,50,tulip,0,1,0,1,1,0,0
RMhoFfDG7djTY.jpg,50,pepper,0,1,0,0,0,0,0
RTOHO7Zkvabkr.jpg,8,balloon,0,1,1,0,0,0,0
Rh4ira1wSFbmq.jpg,20,flower,0,1,1,0,1,0,0
RjShInj0HOZbV.jpg,14,stone,0,1,0,1,0,0,0
SLtCLAtFRhfR2.jpg,50,flower,0,1,0,0,0,0,0
SUm2nh9HaDnZp.jpg,9,pigeon,0,1,1,0,0,0,0
SUtTfqmViC9M2.jpg,7,bird,0,1,0,1,1,0,0
Scbi0jSYMscho.jpg,50,flower,0,1,0,1,1,0,0
Sd4LX1vGYuhQd.jpg,8,hole,0,1,0,0,0,0,0
SeXR5LNTqDwSp.jpg,34,eye glasses,0,1,0,1,0,0,1
Skp889IG2H2bi.jpg,8,clothing pin,0,1,0,0,0,1,0
SmyMmS8RH1nNM.jpg,22,plant,0,1,0,0,0,0,0
Sst4WUp7vXt0z.jpg,10,pastry,0,0,0,1,0,0,0
T4BDgsgQWetmu.jpg,12,pasta,0,1,0,0,1,0,0
TDCQbdbUY6WtJ.jpg,10,statue,0,1,0,0,1,0,1
TDIMpFtJGT4K5.jpg,9,egg,0,1,0,0,0,0,0
TJtGanimArO8Q.jpg,11,bottle cap,0,1,1,0,0,0,1
TKhM79l7aMiL8.jpg,8,grape,0,1,0,1,0,0,0
TL3DzXkrePtK1.jpg,5,dog,1,1,0,0,0,0,0
TOpk9t8w71S7S.jpg,50,tulip,0,1,0,0,0,0,0
TbQKBMDA8B31M.jpg,10,banana,0,1,0,0,0,1,0
TcppHbL9kjFXy.jpg,6,knive,0,1,0,0,0,0,1
TraIhewdDPA4g.jpg,25,egg,0,0,1,0,1,0,0
Tvbuu2nim9AbZ.jpg,23,pigeon,0,1,0,0,0,0,0
Twcdh76Fe1xLJ.jpg,50,tulip,0,1,0,0,0,0,0
TxQjIrQyZhrH7.jpg,50,pea,0,1,0,1,0,0,0
U3Kq8OneeY0tZ.jpg,32,pigeon,0,1,0,0,0,0,0
UD8gTdZeHupDv.jpg,40,lego,0,1,0,0,0,0,1
UNLuiUwQa3wtp.jpg,3,bird,0,1,0,0,0,0,1
UPhTbeZl9IZDE.jpg,3,candy,0,1,0,0,0,0,1
URhKpfCG7C6ld.jpg,36,swim ring,0,1,0,0,0,0,0
US7BkSUqTZlmi.jpg,8,window,0,1,0,0,0,0,1
UXLnWYluT7p5t.jpg,3,light,0,1,0,0,0,0,0
UY8vqzl3YHh5D.jpg,40,plant,0,1,0,0,0,0,0
Ub7qETxkAaNTQ.jpg,3,bird,0,0,1,0,1,1,0
Ud2c77PluRxQa.jpg,4,rose,0,1,0,1,0,0,0
UmqOV6WTYDOBq.jpg,11,light,0,1,0,0,0,0,0
Uso4ipxtIgKM0.jpg,18,pigeon,0,1,0,0,0,0,0
UwNqePjFvG7Px.jpg,8,straw,0,1,0,1,0,0,0
UxFV4doArfLUh.jpg,28,flower,0,1,0,1,1,0,0
UyHaZbF1XWgKH.jpg,24,tile,0,0,0,1,1,0,1
V1dpIEFrsAsu5.jpg,6,lego,0,1,1,1,1,0,1
V2CZIIQEabfXw.jpg,5,egg,0,1,0,0,0,0,0
V3FBBXJGsUeYv.jpg,30,flower,0,1,0,1,0,0,1
V4LsZjax0idYQ.jpg,33,window,0,1,0,0,0,0,1
V5bNs8kcuHX5C.jpg,18,lego,0,1,1,1,0,0,1
V5pg4ouF32P3R.jpg,9,ball,0,1,0,0,0,0,0
V8Cw4Q8q5Q4wA.jpg,15,berry,0,1,0,0,0,0,0
V8SoTD3vpzQJ2.jpg,3,urinal,0,0,0,0,0,1,0
V8zd9kFxn8zFI.jpg,50,candy,0,0,0,0,1,0,0
V9IXH5f045Fed.jpg,6,fish,0,1,0,0,0,0,0
VB9c1XswpMyNc.jpg,3,cat,0,1,0,1,1,0,1
VC1ySkCWxHirR.jpg,50,chair,0,1,0,0,0,0,0
VERa0kvnBVEKf.jpg,3,cup,1,0,0,0,0,0,1
VEm3ZNmJzpI0D.jpg,30,screw,0,1,0,0,0,0,0
VHxNxHYi8BEAs.jpg,34,cup,0,1,0,0,0,0,0
VJd12q1GlSHGI.jpg,3,nail,0,1,0,0,0,0,0
VJr4jERkM7eNs.jpg,45,sheep,0,1,0,0,0,0,0
VOerUm3lehUjA.jpg,7,ball,0,1,0,0,0,0,1
VQNgE4dl2gYwT.jpg,100,circle,0,1,0,0,0,0,0
VQxBgqnIv5KM1.jpg,3,light,0,1,0,0,0,0,0
VRTve7X0Tn3vC.jpg,3,toy,0,0,0,1,1,0,1
VRaaX8TucgOWV.jpg,8,book,0,1,0,0,0,0,0
VSBLOASGuuLx3.jpg,3,key chain,0,0,0,1,0,0,1
VTeA95ERgEoDm.jpg,50,figurine,1,0,0,0,0,0,0
VUedIC6ZBEaiD.jpg,6,airplane,0,0,0,0,1,0,0
VVAqK8sgvhreJ.jpg,5,cup,0,1,0,1,1,0,1
VZHnf3mALPbEm.jpg,50,tulip,0,1,0,1,0,0,0
VZb06IDzivZhO.jpg,4,person,0,0,0,1,1,0,0
Vap3IBt8NN9ys.jpg,15,pepper,0,1,0,0,0,0,0
VbmjbnXofa6to.jpg,11,egg,0,1,0,0,0,0,0
VdQK4qnLsjvAk.jpg,50,pin,0,1,0,0,0,0,0
Ve5cHtJY9dHg7.jpg,100,coin,0,1,0,0,0,0,0
VhAtjm0nGW5be.jpg,60,tomato,0,1,0,1,0,0,1
ViL5UZYmL5Hyn.jpg,50,chair,0,1,1,0,0,0,0
VjT1qxFJiL3mz.jpg,4,clothing pin,0,1,1,0,0,0,0
VkkJnY8nRt1aO.jpg,10,flower,0,1,0,0,0,0,0
Vl0m0pfFaad2C.jpg,16,tatoo,0,0,0,1,0,0,0
VnQs7NPsA7Ihy.jpg,10,flower,0,1,0,0,0,0,0
VoMIgUIXi6xKq.jpg,4,handle,0,1,0,0,0,0,0
VrGV0P9b6tG2W.jpg,20,candy,0,1,0,0,0,0,0
VsOqe46FqnlI4.jpg,11,yarn,0,1,0,0,0,0,0
VsVE6Hp5nnMSL.jpg,5,window,1,0,0,1,0,0,0
VtMiHaz6UnLZd.jpg,12,pillar,0,1,0,1,1,0,1
VxNtUTx4MFkpB.jpg,5,egg,0,1,0,0,0,0,0
VxVoUdXdzjp24.jpg,50,watermelon,0,1,0,1,0,0,1
Vxqbtc877gcLq.jpg,20,flower,0,1,0,0,0,0,0
W1nlglwALnvUA.jpg,6,light,1,0,0,1,0,0,0
W2H2cknioRmAT.jpg,10,lemon,0,1,0,1,0,0,0
W3vOEhFYY5NB3.jpg,11,rose,0,1,0,0,1,0,0
W80bLM8YgyCCh.jpg,9,light,0,1,0,0,0,0,0
W8LsZ4v6LESLO.jpg,3,bird,0,1,0,1,0,0,0
W8eNN26ExYg5t.jpg,12,tulip,0,1,1,1,1,0,0
WDP6mDU1oozvR.jpg,28,book,0,1,0,0,0,0,1
WDqjE6xu0BQex.jpg,100,magnet,0,0,0,0,1,0,0
WEDrOYyO8uSJ4.jpg,8,ball,0,1,1,1,1,0,1
WGkl65A88ytKE.jpg,2,mango,0,1,0,0,0,0,0
WHEO5jicjtWUT.jpg,5,airplane,0,1,0,0,0,0,1
WJOL78y5Ht8Mq.jpg,9,egg,0,0,0,0,1,0,0
WJxR323XKp4HK.jpg,31,flower,0,1,0,1,0,0,0
WKXpBQLqqw1lL.jpg,2,photo,0,1,0,1,0,0,1
WMX0c3TRkNcS5.jpg,8,egg,0,1,0,0,0,0,0
WNK5kY26I1n1c.jpg,2,spring,1,0,0,0,0,1,0
WP4P9aSkftmZ0.jpg,32,lemon,0,1,0,0,0,0,1
WPV8VOZo4ThUD.jpg,50,tulip,0,1,0,1,0,0,0
WQ4zM5jHsHqpP.jpg,30,flower,0,1,0,1,0,0,1
WQ8S8zYv1kLhn.jpg,8,flower,0,1,0,1,0,0,0
WRvoXnu7hIuID.jpg,6,flowers,0,1,0,0,1,0,0
WSKMct0nnyVTH.jpg,60,toy,0,1,0,0,1,0,0
WSSdC8rMVGAPD.jpg,30,fish,0,1,0,1,1,0,0
WT1cNXEymgNas.jpg,9,box,1,0,0,0,0,0,0
WTK3So6B6D8ru.jpg,3,nail,0,1,0,0,0,0,1
WVTcfoU6jW7PA.jpg,11,paper clip,0,1,0,0,0,0,0
WVqir0qKF3cfU.jpg,30,raspberry,0,1,0,1,0,0,0
WXs7bSRRzGIno.jpg,5,chimney,0,0,0,1,1,0,0
Wb9o0S63y8LL7.jpg,8,leaf,0,1,0,0,0,0,0
WbansR8JyKzLM.jpg,4,cat,0,1,0,0,0,0,1
WfXuTjbqv5Bul.jpg,50,stone,0,1,0,0,0,0,0
Wft0sSne5mS1t.jpg,7,bottle,0,1,0,1,0,0,1
Wl8nj4Fy0PUZl.jpg,3,drink,0,1,0,1,1,0,0
WnkPfgdp74TPy.jpg,4,dog,0,1,0,1,0,0,1
WpuHVGT9HteM1.jpg,10,goose,0,1,0,0,0,0,1
WqqaOYt7NP2rF.jpg,18,egg,0,1,0,0,0,0,0
WrHzJES6Pdo2z.jpg,4,drink,0,1,0,1,1,0,0
WsFW8bmUmejcd.jpg,6,pea,0,1,0,0,0,0,0
Wt3h1xbxFxs9F.jpg,16,fish,0,1,0,1,0,0,1
WtV11ToqbGLiw.jpg,12,chair,0,1,0,0,0,0,0
Wul6aJBo7lgxg.jpg,3,nail,0,1,0,0,0,0,1
Wv9JEkPEwpQ7B.jpg,34,cookie,0,1,0,0,0,0,0
WzojhwH34kUN2.jpg,3,drink,0,1,0,0,0,0,0
WzzNn0cxWRtwA.jpg,5,egg,0,1,0,0,0,0,0
X04PUTpnMvqIl.jpg,5,bow,0,1,0,0,0,0,1
X0vwjZUmBJUGx.jpg,11,egg,0,1,0,0,0,0,0
X2MN4xo08SJOs.jpg,3,light,0,0,0,1,1,0,0
X597mBgLL3U2D.jpg,3,nail,0,1,0,0,0,0,1
X5PGpQAM6iihf.jpg,17,match,0,1,0,0,0,0,0
X6SvgjCBGHbCC.jpg,50,goose,0,1,0,0,0,0,0
X8gWt5CkoDbtk.jpg,100,candy,0,1,0,0,0,0,0
XB6Xuix3D0VGH.jpg,4,flower,0,0,0,0,0,0,1
XBh49CvefrNHL.jpg,5,pepper,0,1,0,0,0,0,0
XDhOEWoUDG94h.jpg,8,pigeon,0,1,0,1,1,0,1
XEMyMtrIBf3u3.jpg,18,berry,0,1,0,0,0,0,0
XLCj14YIHAA95.jpg,3,pastry,0,1,0,0,0,0,0
XNz9Cb4KLgMKs.jpg,3,bottle,0,1,0,0,0,0,1
XOnWzBODyX5kW.jpg,3,drink,0,1,0,0,0,0,1
XSfoPSgcFT0su.jpg,30,tulip,0,1,0,0,1,0,0
XTerkFUUuCi9d.jpg,21,flamingo,0,1,0,0,1,0,0
XTvTzJeK1lLc9.jpg,3,pot,0,0,0,1,0,0,0
XUuqzgliNaWb7.jpg,11,tile,0,1,0,0,0,0,1
XaMnfiZQ3a5Lj.jpg,63,pipe,0,1,0,1,0,0,0
XcCMD3iJXAFe7.jpg,4,hourglass,0,0,0,1,1,0,0
XdbsJfqV4LBrc.jpg,9,deer,0,1,0,0,0,0,0
Xg7Xn6pmbn4iO.jpg,2,egg,0,1,0,0,0,0,0
XgEOymcj1feYW.jpg,41,pepper,0,1,0,1,1,0,0
Xh8jF93khIY0e.jpg,3,squash,0,0,0,1,1,0,0
Xi1nlDcHvKVno.jpg,10,cookie,0,1,0,0,0,0,0
XiNNTEf827eAu.jpg,38,sheep,0,1,0,0,0,0,0
Xk9DTk4RElioy.jpg,9,bicycle,0,1,0,0,0,0,0
XkUe1mgf5ob4D.jpg,70,sheep,0,1,0,0,0,0,0
XliRPqHa84Pt6.jpg,19,face,0,0,0,1,1,0,1
XlnmnGH3O7qPl.jpg,3,toy duck,0,1,1,1,1,0,0
Xn1Qq7l44mCtO.jpg,33,pepper,0,1,0,0,0,0,0
XssdQJVDx38BE.jpg,22,flower,0,1,0,1,1,0,0
XuQBx1LdCVBe5.jpg,11,pigeon,0,0,0,0,0,1,0
XwJ8Ih2kVFXOl.jpg,2,window,0,1,0,0,0,0,1
Xwi3tcEsrgG1n.jpg,4,switch,1,0,0,1,0,0,0
Xxabc8VGbviHP.jpg,60,leaf,0,1,0,0,0,0,0
XzwbZJM7kphv2.jpg,11,egg,0,1,0,0,0,0,1
Y0dj7S9pJmWrL.jpg,7,figurine,1,0,0,1,0,0,1
Y0pOMxvu3i95l.jpg,32,candy,0,1,0,0,0,0,0
Y3R8hVaL8Ho6r.jpg,16,flower,0,1,0,0,0,0,1
Y4ALrvtg75JIj.jpg,46,flower,0,1,0,0,0,0,0
Y5Jzf8A5da91c.jpg,7,light,0,1,0,0,0,0,0
Y6MrGQ83D1vaT.jpg,4,flower,0,1,0,0,0,1,0
Y8cYzXH37oNJ7.jpg,7,tomato,0,1,0,0,0,0,0
Y96OjNvLcCQsT.jpg,8,berry,0,1,0,0,0,0,0
Y9Hb1YbRTvrp3.jpg,3,candy,0,1,0,0,0,0,0
Y9xlX1QlDmN70.jpg,5,pumpkin,0,1,0,0,0,0,0
YD3vsKWF7M0fS.jpg,23,tile,1,0,0,0,0,0,0
YFLJ8Ac2gQpc5.jpg,4,bottle,0,1,0,0,0,0,1
YFdMcyHl2w9bU.jpg,12,duck toy,0,1,0,0,0,1,1
YGK6tONIw72ia.jpg,3,dog,0,1,0,0,0,0,0
YH1zNSOpevYGI.jpg,13,handle,1,0,0,0,0,0,0
YHhvELoPt5W1t.jpg,3,pear,0,1,0,1,1,0,0
YJQ3zcbKRU7If.jpg,54,flower,0,1,0,1,0,0,0
YL9J7TQPiAIuq.jpg,9,pigeon,0,1,0,0,0,0,1
YN2KRXRghgDWn.jpg,100,flowers,0,1,0,1,1,0,0
YP8StDLuZSu8y.jpg,3,dog,0,1,0,0,1,0,0
YRL4Ot8G9t9cI.jpg,70,person,0,1,0,1,1,0,1
YWIits9c3LCvQ.jpg,60,chair,0,0,0,1,1,0,0
YWkMEXZ1Mxx01.jpg,11,egg,0,1,0,0,0,0,0
YY2SrHwOfeCXi.jpg,4,drink,0,1,0,0,1,0,1
YZg5Jo5mnlgjJ.jpg,3,chair,0,1,0,0,0,0,0
YaT0X9srbJl9H.jpg,2,ball,0,1,0,0,0,0,0
YbEcsRGzNK8Is.jpg,19,square,0,0,0,1,0,0,0
Yc4MG4vTpCBjH.jpg,17,window,0,1,0,0,0,0,1
YcdtXbp3r29Mu.jpg,16,dumbbells,0,1,0,0,1,0,1
YhJYlsXmegt1E.jpg,100,flower,0,1,0,1,0,0,1
YhRcCBBokIHY2.jpg,3,nail,0,0,0,1,1,0,0
YiFEBnh9cSrWV.jpg,40,flower,0,1,0,1,1,0,0
YjMMOys65ckTH.jpg,40,berriesberry,0,1,0,1,1,0,1
YjPXqKHbd8kv4.jpg,50,tulip,0,1,0,0,0,0,0
YjkbQKL6RfIq5.jpg,38,toy duck,0,1,0,1,1,0,0
YkOXRGbg9ZE5r.jpg,15,rose,0,1,0,0,0,0,0
YlAQZMTN06iXT.jpg,30,tulip,0,1,0,0,0,0,0
YlM5A1VmFnKFZ.jpg,3,nail,0,1,0,0,0,0,1
YlRS3pvg6e8Dr.jpg,7,bird,0,1,0,1,1,0,1
YmKJ3Vpzu20UF.jpg,57,marker,0,1,0,0,0,0,0
YnWqqn728HxvZ.jpg,5,book,0,1,0,0,0,0,1
YnxKStuiWSX3G.jpg,17,ball,0,1,0,0,1,1,0
Yo3qnsb2NlD5m.jpg,11,egg,0,1,0,0,0,0,0
Yotc6BqM7R3fN.jpg,4,umbrella,0,0,0,0,0,1,0
Yqt1VzxgrosHf.jpg,100,fish,0,1,0,1,1,0,1
YsQgOF97fCVHP.jpg,47,fish,1,1,0,0,0,0,0
YvxtHN56QMxqd.jpg,13,pigeon,0,0,0,0,0,1,0
Yw3RanXCpJPS3.jpg,6,light,1,0,0,0,0,0,0
YxJ1z0XV6lPND.jpg,9,egg,0,1,0,0,0,0,0
Z03B4Z8JXaOwQ.jpg,15,doughnut,0,1,0,1,0,0,1
Z0uSf7xqVQBaB.jpg,50,window,0,1,0,0,0,0,0
Z4v94zlJvks1R.jpg,19,candy,1,0,0,0,0,0,0
Z6B6Bw47vSVD9.jpg,22,can,0,1,0,0,0,0,1
Z6gTRPuovuBYh.jpg,100,lego,0,1,0,0,0,0,0
Z8kmRuhdISiSR.jpg,3,flower,0,1,0,0,0,0,0
Z9rKGXyS9bYxb.jpg,23,locker,0,1,0,0,0,0,0
ZBmnDjKXL0WiL.jpg,100,tulip,0,1,0,1,0,0,0
ZE99kATP9arFO.jpg,22,tulip,0,1,0,0,0,0,0
ZEHmM2pOagVnL.jpg,37,tulip,0,1,0,0,0,0,0
ZEOZZ1ab5nOxQ.jpg,7,fish,1,0,0,0,0,1,0
ZEg1JCgdxWbMC.jpg,4,egg,0,1,0,0,0,0,0
ZElgCZCmx3vlR.jpg,76,candy,0,1,0,0,0,0,1
ZEwzjgK91jyOn.jpg,2,light,0,0,0,1,1,0,0
ZFrnggb6aGY3u.jpg,27,box,1,0,0,0,0,0,0
ZHiE94fQqABiG.jpg,20,leaf,0,1,0,0,0,0,0
ZJZ9QIIkJUWYC.jpg,3,cat,0,1,0,0,0,0,1
ZKWCVJcXUOH6o.jpg,5,airplane,0,1,0,1,0,0,1
ZKiDAX9Pe3xE7.jpg,8,potato,1,0,0,0,0,0,0
ZLF7Ce9asJXDd.jpg,33,boat,0,1,0,1,0,0,0
ZO0NP7imvRSE3.jpg,3,fork,0,0,0,0,1,0,0
ZPE6aQhjyeLQw.jpg,30,cucumber,0,1,0,1,0,0,0
ZS2ukq5YqCVh5.jpg,8,flower,0,1,1,0,1,0,0
ZUr5Qj2aR8bXz.jpg,6,candy,0,1,0,0,0,0,0
ZX9Ss4U0EQrMx.jpg,7,flower,0,1,0,0,0,0,1
ZaRPMsfQip9jj.jpg,12,cookie,0,1,0,0,0,0,0
ZbNOwo2mktap5.jpg,9,ball,0,1,0,0,0,0,0
ZcdfIL9sGHEwo.jpg,11,light,0,1,0,0,0,0,0
ZdnWGjimI9Nzw.jpg,29,card,1,1,1,0,0,0,0
Zgx670T8NtMqk.jpg,59,locker,0,1,0,0,0,0,0
ZkSo8egB8AuEO.jpg,18,leaf,0,1,0,0,0,0,0
ZkZGMAQqSuE9A.jpg,4,bunny,0,1,0,0,0,0,0
ZlHpLcZiIN1jR.jpg,15,doughnut,0,1,0,0,0,0,0
Zm0AxeVnIXVVA.jpg,2,dog,0,1,0,0,0,0,1
ZmOn8TU3y2AzK.jpg,3,chair,0,1,0,1,1,0,1
Zod0UPPwApoGg.jpg,9,hairpin,1,1,0,1,0,0,1
ZqNHLgqulD1XD.jpg,3,bench,0,1,0,0,0,0,0
ZsVqXEWsA3mLF.jpg,5,shape,1,1,0,1,0,0,0
Zsr1Wk6Kc6iZZ.jpg,100,lipstick,0,0,0,0,0,1,0
Zsu36KOBqsBYb.jpg,100,plant,0,1,0,1,1,0,0
Zt2Pvt3Mbg3kS.jpg,11,sheep,0,0,0,1,0,0,1
Zu8L4hjgVjJCT.jpg,19,cigarette,1,1,0,0,0,0,1
p0FJLPMC5Qcbj.jpg,60,fish,0,1,0,1,1,0,1
p2ZVcB6diHs1L.jpg,14,duck,0,1,0,1,1,0,0
p3XKr1pborb2C.jpg,5,egg,0,1,0,0,0,0,0
p58VblFf48MTM.jpg,12,tomato,0,1,1,0,0,0,0
p5qpwumSfwt1k.jpg,11,tulip,0,1,0,0,0,0,1
pBDQ8IlMPiCCr.jpg,23,grate,0,1,0,0,0,0,0
pBv7z810pX3Mq.jpg,5,cherry,0,1,0,1,1,0,0
paI6sLZPpbVRA.jpg,8,can,0,1,0,0,0,1,1
paJNH6TIWcjTf.jpg,6,rose,0,1,0,0,0,0,0
pbhZaTNDo9Fxk.jpg,2,headphones,0,1,1,0,1,0,0
qV84P5BZu8DXX.jpg,200,egg,0,1,0,0,0,0,0
rKZdT32JzzWix.jpg,2,zebra,1,0,0,1,0,0,0
rUMsg1abtaiRB.jpg,3,painting,1,1,0,0,0,0,0
rWHMwF0ZwgDGj.jpg,17,balloon,0,1,0,0,0,0,0
rWc04UtGCazpR.jpg,3,fish,1,1,0,0,1,0,0
rXzddChwGp97Z.jpg,20,carrot,0,1,0,0,0,0,0
reD5rBFUk6Fen.jpg,8,balloon,0,1,0,0,0,0,0
rgmxHvJHs3Hoc.jpg,5,egg,0,1,0,0,0,0,0
rrV2eI3Zopm9H.jpg,5,pillar,0,0,0,1,0,0,1
rwbR4fHHOpEqH.jpg,100,tulip,0,1,0,0,0,0,0
s06X7puucqoVU.jpg,70,umbrella,0,1,0,0,0,0,0
s4AXilXsupKS4.jpg,26,pencil,0,1,0,0,0,0,0
s8zBjmFYad4ED.jpg,30,bananas,0,1,0,0,0,0,0
s9E660aILRCkl.jpg,5,tulip,0,1,0,0,0,0,0
sHBpYzR7SbQFu.jpg,30,tulip,0,1,1,0,1,0,0
sPIfz3HadByu5.jpg,20,tulip,0,1,0,0,0,0,0
sRCi1xYPjLRKy.jpg,3,nail,0,1,0,0,0,0,0
sUA7RIzdhEoSs.jpg,4,light,0,1,0,0,0,0,0
sZXVRs5MmCKmZ.jpg,8,tag,0,1,1,0,0,0,1
scTU4LbvLLjPq.jpg,30,flower,0,1,0,0,0,0,1
sfEBRAINHplb3.jpg,50,tulip,0,1,0,0,1,0,0
sfx84YGp4Q80x.jpg,4,cookie,1,1,0,1,0,0,0
smSdgLOh7VRcl.jpg,3,window,0,1,0,0,0,0,1
snt5FwziPt9Kp.jpg,3,squash,0,1,0,0,0,0,0
t0IsQDZPr3KGI.jpg,8,pigeon,0,1,0,0,0,0,1
t1QZNyMV5HE7m.jpg,18,flower,0,1,0,0,0,0,0
tA2H9uJ5uXwg8.jpg,4,balloon,0,0,0,1,1,0,0
tHTVvd5p68wpT.jpg,40,person,0,1,0,1,0,0,1
tKfjrKbi7l3h3.jpg,5,tomato,0,1,0,0,0,0,0
tQWevSP4i4WIg.jpg,7,chalk,0,0,0,0,1,0,0
tqpzQ0mNqgNaS.jpg,50,pigeon,0,1,1,0,0,0,1
uAUfhnjOP8UdM.jpg,16,bottle,0,1,0,0,0,0,0
uD4mhDcGs7oIc.jpg,3,air conditioner,0,0,0,1,1,0,0
uHrN2JEyErdgC.jpg,50,pigeon,0,1,1,0,0,0,0
uSIqd9VAzRtPe.jpg,7,pill,0,1,0,0,0,0,1
uW1OSVqUTflnV.jpg,42,candy,0,1,0,0,0,0,1
ucYQJhj8HgU0d.jpg,5,egg,0,1,0,0,0,0,1
unA4NAMBqwN8M.jpg,12,lantern,0,1,0,0,1,0,0
up2fp4AXPY6z6.jpg,34,bird,0,1,0,0,0,0,0
usUq8iq76JfWq.jpg,9,painting,0,0,0,0,1,0,0
uuLQEHLJSDuW0.jpg,3,nail,0,1,0,0,0,0,1
uv9DZlDqdzQn1.jpg,30,grape,0,1,0,0,1,0,0
uvQ4vGyE3sN8N.jpg,49,cat,0,1,0,0,0,0,0
uwHK7jayuBfjT.jpg,24,avocado,0,1,0,1,0,0,0
uypB5rxrlObuj.jpg,30,pasta,0,0,0,1,1,0,1
uysZkjqhX8IIS.jpg,4,goose,0,1,0,0,1,0,0
uz1o0llt0GQ7l.jpg,79,pepper,0,1,0,0,0,0,0
v1sY2RwcT535z.jpg,5,person,1,1,0,1,0,0,0
v2e2deffVNUV8.jpg,32,light,0,1,0,0,0,0,1
v62pUIknqAPt0.jpg,6,boat,0,1,0,1,1,0,0
v77f1i2x1LMdD.jpg,16,pasta,0,0,0,1,1,0,1
v7pF0pBfM1Vkx.jpg,7,bunny,0,1,0,0,0,1,0
v8eMXsvNL84h9.jpg,84,tulip,0,1,0,0,0,0,1
v9kaa1qqq0DSk.jpg,4,lighter,1,0,0,0,0,0,0
v9wiq2xHUcw6g.jpg,3,bird,1,0,0,0,0,0,1
vBH3w3VP44tAY.jpg,6,cow,0,0,0,0,1,1,0
vDAo7UqskjWSe.jpg,6,button,0,1,0,0,0,0,1
vEXA9NCvjL7bS.jpg,8,grape,0,1,1,0,1,0,0
vFcyJ9kn6a4HH.jpg,8,tree,0,1,0,0,0,0,0
vFz84oQ3JbCy9.jpg,3,cat,0,1,0,1,1,0,1
vGUiqDabDhtr6.jpg,48,pencil,0,1,0,0,0,0,0
vI8vz6Lo8Jzhi.jpg,5,egg,0,1,0,0,0,0,0
vIQnnWYjAlw8B.jpg,63,bag,0,0,0,1,0,0,1
vIe6GGTSBhsn6.jpg,2,spoon,0,0,0,1,0,0,0
vKUFYNE9MQRF8.jpg,9,cap,0,1,0,0,0,0,1
vOV9kxehFQurr.jpg,3,bell,0,1,0,0,0,0,0
vP1bMG6QAj6kd.jpg,4,goose,1,0,0,1,0,0,0
vP2vBByReL3aH.jpg,18,tulip,0,1,0,0,0,0,0
vXV3wBLg91cey.jpg,40,plaque,1,0,0,0,0,0,0
verBKVQggR0bs.jpg,19,egg,0,1,0,0,0,0,1
vgOUxzB8aJxb8.jpg,6,horse,0,1,0,0,1,1,0
vhqstFw2zs00m.jpg,3,dog,0,1,0,1,1,0,0
vj6X3UbIjxxz9.jpg,6,can,0,1,0,0,0,0,0
vnx2t0wxXsLR7.jpg,6,fish,0,1,0,1,1,0,0
vpCwZ6428H5hc.jpg,3,nail,0,1,0,0,0,0,0
vqkIyRUKxp1M6.jpg,9,pastry,0,1,0,0,0,0,0
vqoKXJ9lT1oJL.jpg,7,light,0,1,0,0,0,0,0
vskGcBNtNhj0H.jpg,5,narcissus,1,1,0,1,1,0,0
vuddIKYbZQL66.jpg,3,pill,0,1,0,0,0,0,1
vuvjlXI6wpsGy.jpg,2,crow,0,1,0,0,0,0,0
vwDZsP1SzQ6eN.jpg,11,cookie,0,0,0,0,0,0,1
vxcLDCyK2KQjJ.jpg,3,nail,0,1,0,0,0,0,1
vxmI2RWaqOgch.jpg,13,flower,0,1,1,0,0,0,0
vzvpJ8Y3OJKmr.jpg,6,crate,0,1,0,0,0,0,1
w0JMIiUg5aPQt.jpg,11,pin,0,1,1,0,0,0,0
w2IoXjG4hCYGa.jpg,24,ball,0,1,0,0,0,0,0
w36iC9it3DJfg.jpg,11,egg,0,1,0,0,0,0,0
w7QlIfr8BitPY.jpg,3,bottle,0,1,0,1,1,0,1
w91G53AVEOFRn.jpg,21,pigeon,0,1,1,0,0,0,0
wBVC4Z708CxrR.jpg,50,card,0,1,0,0,0,1,0
wCeuZ1BdnkNvB.jpg,8,toy,0,1,0,1,1,0,1
wEyWAAICGXXN9.jpg,7,tomato,0,1,0,0,0,0,0
wHHUWTft6DiO7.jpg,11,bun,0,1,0,0,1,0,1
wJErgBh67fnNn.jpg,2,dog,0,1,0,0,0,0,1
wLPuTIvx34aNR.jpg,15,bottle,1,0,0,0,0,0,0
wLpqBA3TCbzi7.jpg,50,pig,0,1,0,1,0,0,0
wM9YpmBHOcIz9.jpg,4,bottle,0,1,1,0,0,0,1
wMdf9CTQMk35K.jpg,14,orange,0,1,0,0,0,0,1
wOx8hBVwxt4SU.jpg,14,egg,0,1,0,0,0,0,0
wXWdiZFeY0wQV.jpg,6,fence,0,1,0,0,0,0,0
wctYbYwb7YZT3.jpg,32,toy,0,1,0,0,0,0,1
we1VSjR8tjI9m.jpg,2,jar,0,0,0,0,1,0,1
wee4YeTnAuKMc.jpg,7,tulip,0,1,0,0,1,0,0
wg0K8abvZDOXl.jpg,6,bicycle,0,1,0,0,0,0,1
wgxcO94AakK7g.jpg,11,toilet paper,1,0,0,1,0,0,1
wi4YmJbiktnTZ.jpg,2,light,0,1,0,0,0,0,0
wj2OATFPFe8dZ.jpg,50,tulip,0,1,0,0,0,0,0
wl0fMWwShNWHy.jpg,100,window,1,1,0,1,0,0,0
woL8XGfDtVbZf.jpg,22,jelly,0,1,0,0,0,0,0
wofO7H69Fg4bQ.jpg,15,battery,1,0,0,0,0,0,0
womIElpgMu3YT.jpg,7,hook,1,0,0,0,0,0,0
wswHyEzBDDUd2.jpg,26,orange,0,1,0,0,0,0,0
wxRguFXDRfeF0.jpg,50,pretzel,0,1,0,1,1,0,0
x201QSzspAEpp.jpg,10,chicken,0,1,0,0,0,0,1
x5p2V6JbV7DvC.jpg,3,seagull,1,1,0,0,1,0,1
x6RDD5PdWE2MF.jpg,4,lion,0,1,0,0,0,0,0
x6a4dXEIr0XNJ.jpg,18,pepper,0,1,0,0,0,0,0
x8Eyl00LRiUO0.jpg,11,umbrella,0,0,0,1,0,0,0
x8NA4PrFppRlF.jpg,3,passport,0,1,0,0,0,0,0
x8WCzCRrBtZ9f.jpg,6,sheep,0,1,0,1,0,0,0
xASyH8odzajyB.jpg,7,knive,0,1,0,0,0,0,0
xDgaXsRG62mJl.jpg,50,window,1,1,0,1,0,0,0
xECgM8Sx62KmD.jpg,3,egg,0,0,0,0,1,0,1
xFIt37uZL1swG.jpg,3,candy,0,1,0,0,1,0,1
xIF5qqufhmDAY.jpg,60,bean,0,1,0,0,0,0,0
xKuh7YrscknO4.jpg,35,pigeon,0,1,0,0,0,0,1
xSHjrkQINf76a.jpg,5,egg,0,1,0,0,0,0,1
xTdpBUM6VxGZE.jpg,3,passport,0,1,0,0,0,0,1
xTxJE5I3kMMdp.jpg,100,window,0,1,0,0,0,0,0
xU5F4FKTWJRbg.jpg,3,envelope,0,1,0,0,0,0,0
xV7D1ThAOQmu1.jpg,3,ornament,0,1,0,1,1,0,0
xWXKaK8c5K4d6.jpg,20,tulip,0,1,0,1,1,0,0
xb3GeDYE8UcNa.jpg,30,flower,0,1,0,0,1,0,0
xbiSIH1g15PVL.jpg,5,light,0,1,0,0,0,0,0
xiuLCB4ykfhVq.jpg,14,utensilsfork,0,0,0,1,0,0,0
xkDSEr5IDXca1.jpg,7,onion,0,1,0,0,1,0,0
xknwnPlWk5wGJ.jpg,3,airplane,0,1,0,0,0,0,1
xlpyp9tuHK971.jpg,40,bird,1,0,0,1,0,0,0
xm4xnxbwubmdZ.jpg,12,egg,0,1,0,0,0,0,0
xphG0zHM1vdT8.jpg,8,book,1,0,0,0,0,0,0
xrXmK4A20myG8.jpg,50,pasta,0,0,1,1,0,0,1
xrfmjRoH0wwol.jpg,3,nail,0,1,0,0,0,0,1
xseRjhz95mZ55.jpg,32,emoji,0,1,0,1,0,0,1
xtLpp3XSPmbyO.jpg,15,camera,0,1,0,0,0,0,0
xtepfSp3gQMNj.jpg,50,zebra,0,1,0,1,0,0,1
xv1JqlEVeUERE.jpg,5,pasta,0,1,0,1,1,0,1
xwasBW7AOrdTQ.jpg,11,cookie,1,0,0,0,0,0,0
xyXy9aVOYdPho.jpg,3,nail,0,1,0,0,0,0,1
xyaOzT5i29gOJ.jpg,3,lego,0,1,0,0,0,0,0
y15JXUHrz4Y46.jpg,22,yarn,0,1,0,0,0,0,0
y15ZLTRw5g33z.jpg,50,apple,0,1,0,0,1,0,0
y1bfQVQ4BVoVj.jpg,2,cat,0,1,0,0,0,0,1
y2gfu4jN4YzHq.jpg,14,tulip,0,1,0,0,0,0,0
y3R3hR14MqnyW.jpg,200,tile,1,0,0,0,0,0,0
y3cU7gUNoKKZK.jpg,2,bird,1,0,0,0,0,0,0
y5MEj6kv3go6D.jpg,4,pig,1,0,0,0,0,0,0
y6s89iYDq28CX.jpg,49,pigeon,0,1,0,0,0,0,1
y7WJ1H585cDwX.jpg,100,stone,0,1,0,1,0,0,0
y9ZSXSD4Hozff.jpg,3,pepper,0,1,0,1,1,0,0
y9nTYrKPKA8pd.jpg,50,person,0,1,0,1,0,0,1
yAF544qZBazFZ.jpg,5,egg,0,1,0,0,0,0,0
yAP3qbLYH5k0v.jpg,40,wood plank,0,1,0,0,0,0,0
yAu4HdkwUnn1F.jpg,6,bowl,0,1,0,0,0,0,0
yBL8ohdEfqkww.jpg,100,sunflower,1,0,0,0,0,0,1
yCv3mLCSjQMkS.jpg,26,stone,0,1,0,0,0,0,0
yDVeRun5c6tMi.jpg,4,airplane,0,1,0,0,0,0,1
yDlF8LxgaHnrQ.jpg,24,flower,0,1,0,0,0,0,0
yEfl7igFaX4a6.jpg,9,plate,0,1,0,0,0,0,0
yHRTrb3Oo8Rxb.jpg,9,apple,0,1,0,1,1,0,0
yIo2gvJb6qBWg.jpg,200,poppy,0,1,0,1,1,0,0
yJ6I00o4iRcdT.jpg,17,lighthouse,0,1,0,1,0,0,1
yK6FAmqSx7PAj.jpg,8,egg,0,1,0,0,0,0,1
yKbb7NS4P51wD.jpg,2,shoe,0,1,0,0,1,0,1
yOOTSHmj6LTjn.jpg,200,candy,0,1,0,0,0,0,0
yPxX0jbdWcJJa.jpg,7,pepper,0,1,0,0,0,0,0
ySfW9w2Y6sqKg.jpg,10,tomato,0,1,0,0,0,0,0
ySjyFbz8LLUCI.jpg,3,nail,0,1,0,0,0,0,1
yTVSh4dqCRBFj.jpg,5,person,0,0,0,1,0,0,1
yTeOA7NJXQxuJ.jpg,3,egg,0,0,0,1,1,0,0
yThZ8NBaWvfmb.jpg,3,drink,0,0,0,1,1,0,0
yUVM4yWikMWko.jpg,72,box,1,0,0,0,0,0,0
yW3WzKGG1tBKc.jpg,11,tulip,0,1,0,0,0,1,0
yWLbzpzo4IQxt.jpg,100,pepper,0,1,1,0,0,0,0
yYVixB6IpM6sO.jpg,30,tulip,0,1,0,0,0,0,0
yYcpHAsdJTM44.jpg,27,package,0,1,0,0,0,0,1
yad6bjPVOcOqz.jpg,3,garage door,0,1,0,0,0,0,1
yfiDYwqU2FYQQ.jpg,30,eye,0,1,0,1,1,0,1
ygKkcjCu2FJKs.jpg,7,bottle,0,1,0,0,0,0,1
yjPALs4jEm65W.jpg,10,pencil,0,1,0,0,0,0,0
yntGLxXT770OR.jpg,11,turtle,0,0,0,1,0,0,0
yqTCU2UAbiHSt.jpg,15,ball,0,1,0,0,0,0,1
ys7K2gWnE1M0C.jpg,3,cat,0,1,0,1,0,0,1
ytTW0X5wkx2vB.jpg,17,chair,0,1,0,1,1,0,0
yu3ThK1FKFNS4.jpg,41,tile,1,0,0,0,0,0,0
yxW9yFmsu7MT7.jpg,3,nail,0,1,0,0,0,0,1
z19LbXcsaTQoj.jpg,2,dog,0,1,0,0,1,0,1
z356dmF429pKn.jpg,33,duck,0,1,0,0,1,0,1
z5Ym9exc0sjo3.jpg,10,carrot,1,0,0,0,0,0,0
z97E4fiC7ZpQd.jpg,13,pill,0,1,0,0,0,0,1
zBRDSf5kd7tkD.jpg,11,skull,0,1,0,0,0,0,0
zCejosBGK2kTv.jpg,9,tulip,0,1,0,0,1,0,1
zDHseCtChmo5T.jpg,80,tile,0,1,0,0,0,0,1
zDMxe43ad22E7.jpg,50,leaf,0,1,0,0,0,0,0
zDUqP9nXi5mHY.jpg,23,fish,0,1,0,0,1,0,0
zFiY2SavIlR7J.jpg,3,nail,0,1,0,0,0,0,1
zFsqfQAJQOtA0.jpg,4,drink,0,1,0,1,1,0,1
zJBz5ePxJnOid.jpg,11,cat,0,1,0,0,0,0,0
zLE59SEl1kSyC.jpg,3,parrot,0,1,0,1,1,0,1
zOXDiV4W7S5sH.jpg,50,berry,0,1,0,0,0,0,0
zPkPvHw9Ks5E3.jpg,4,bird,0,1,0,0,0,0,0
zPl6pLc3Daha8.jpg,10,tree,0,1,0,0,0,0,0
zRa3T79a30hnF.jpg,20,pasta,0,0,0,1,0,0,0
zTDSZX2sgvF1l.jpg,11,egg,0,1,0,0,0,0,0
zUcM9r71tJFmS.jpg,3,nail,0,1,0,0,0,0,1
zUmXl0FNBJXX0.jpg,4,cookie,0,0,0,1,1,0,1
zV1ns09nUSRiJ.jpg,8,cupcake,0,1,0,0,0,0,0
zVOg58FbG53Hg.jpg,3,surfboard,1,1,0,0,0,0,0
zVlCO67JyxNEm.jpg,13,duck,0,1,0,0,1,1,1
zVyGjgYra7iJQ.jpg,100,lego,0,1,0,0,0,0,1
zWNzp9vIgRhEO.jpg,3,dog,0,1,0,0,0,0,1
zWscheJ1SV7bY.jpg,4,owl,1,0,0,1,0,0,1
zYBko79X4kWU3.jpg,50,leaf,0,1,0,0,0,0,1
zasEnr3mmYrtV.jpg,3,tree,0,1,0,0,1,0,0
zc71E77t1ZVJc.jpg,32,tulip,0,1,0,0,0,0,1
zcGk4eQ1j1aeP.jpg,30,pepper,0,1,0,0,0,0,0
zcjcIP0z1qMCM.jpg,3,drink,0,1,0,0,0,0,1
ze0Prp5NpT2Ar.jpg,5,tractor,0,1,0,0,0,0,0
zeP2XowSUHhat.jpg,50,leaf,0,1,0,0,0,0,0
zfPSnrf4W1whn.jpg,50,grape,0,1,0,0,0,0,0
zfURlfKTa7XUo.jpg,21,flower,1,1,0,0,0,0,0
zgHGG4eJ5AqYi.jpg,3,cat,0,1,0,0,0,0,1
zgsmHL66pr6Q8.jpg,40,flower,0,1,0,0,0,0,0
zh5lsmXVQXLO5.jpg,17,pepper,0,1,0,0,0,0,0
zh5tkUiNRNIrw.jpg,28,fruit,0,1,0,0,0,0,0
zhxvf4KRHLFJ4.jpg,4,paper clip,0,1,0,0,0,0,0
zjqn4wyuQ0kIw.jpg,100,stool,0,1,0,0,0,0,0
zk350xZUTCGNI.jpg,3,boat,0,1,0,1,1,0,1
zk3BEU553ZF6M.jpg,23,doughnut,0,1,0,1,0,0,0
zlml5asLymdFN.jpg,50,penguin,1,1,0,0,1,0,1
znsnTKAsLS7CF.jpg,8,bell,0,0,0,0,0,1,0
zobdXFk1DBdaP.jpg,38,light,0,1,0,0,0,0,0
zpPkBs9OvHfQ4.jpg,11,doll,1,0,0,0,0,0,0
zpVNL8FTEEMKU.jpg,6,bicycle,0,1,0,1,0,0,0
zqQ2lZ6LBYRBF.jpg,30,tile,0,1,0,0,0,0,0
zqbf4t3a3YdPI.jpg,3,bird,0,1,0,0,0,0,1
zrl2fmvfX1a2i.jpg,5,shape,0,1,0,0,0,0,0
zsoc3CuEHUsBI.jpg,4,narcissus,0,1,0,0,0,0,0
zzS94tkRNxzlD.jpg,50,orange,0,1,0,0,1,0,0
ISw6khdJO0alM.jpg,8,tile,0,0,0,1,0,0,1
IU7QO4PapitzK.jpg,100,pot,0,0,0,1,1,0,0
IUzUAe9wYVebO.jpg,50,stone,0,1,0,0,0,0,1
IV5LwN9RhPpmc.jpg,4,pepper,0,1,0,0,0,0,0
IV5vI5z1EmAit.jpg,3,shooting target,0,1,0,1,0,0,1
IVl3pEB0IdJYT.jpg,200,candy,0,1,0,0,0,0,0
IXCGNYoPNig2V.jpg,9,pod,0,1,0,0,0,0,0
IZqR4Zv3Pt278.jpg,25,tulip,0,1,0,0,0,0,0
IqcQPR8ko5Kig.jpg,43,pepper,0,1,0,0,0,0,0
Itp0K4FNlcHBo.jpg,100,packing peanut,0,1,0,0,0,0,0
ItrIN1lrc1kqz.jpg,14,candy,0,0,0,1,0,0,1
IuFOFiNRj4Po9.jpg,33,leaf,0,1,0,0,0,0,1
IwGIGMet7VlC1.jpg,4,light,0,1,0,0,0,0,0
IyG8l4eL0sD0y.jpg,40,candy,0,1,0,1,0,0,0
IzceVXCLsZ1Uy.jpg,100,pin,0,1,0,0,0,0,0
J1xuCJjUtQxWA.jpg,8,folder,1,0,0,0,0,0,0
J2cmuxliHdiJC.jpg,6,candle,0,1,0,1,0,0,0
J5ZZ1wpHhg6Au.jpg,22,crate,0,1,0,0,0,0,1
J5aPp13bqTmjh.jpg,7,toy,0,1,0,0,0,0,0
J8m2lc64yy7mm.jpg,12,flower,0,1,0,0,0,0,1
J8nP1XrwOUDj0.jpg,12,rose,0,1,0,0,0,0,0
JD1jmItmK17r8.jpg,14,turtle,0,1,0,0,0,0,0
JEQRvwbi0vq7j.jpg,5,candy,0,1,0,0,0,0,1
JEtYs74ATS9Mb.jpg,100,pepper,0,1,0,0,0,0,0
JGaiqqORN1wnp.jpg,9,pot,0,0,1,1,1,0,0
JIdFi83kDsMas.jpg,6,duck,0,1,0,0,0,0,1
JK3AoUfe4uRmu.jpg,19,tile,1,0,0,0,0,0,0
JNxPJ5585rzVQ.jpg,30,apple,0,1,0,1,1,0,0
JV1cQpA3guTny.jpg,29,hat,0,1,0,0,0,0,1
JXq8wjSgXC0WS.jpg,3,pigeon,0,1,0,0,0,0,0
JZCQ0Sm41jtLi.jpg,100,tomato,0,1,0,0,0,0,1
JcBe1NkifaLOX.jpg,14,fence,0,1,1,0,0,0,0
Jf4rrzIl8u364.jpg,8,chair,0,1,0,0,0,0,0
JgjJFsZUjC23j.jpg,7,pill,0,1,0,0,0,0,1
JiByMw8nLVyXL.jpg,15,grape,0,1,0,0,1,0,0
Jp1Xr9yCt3ynw.jpg,3,legs,0,1,0,0,0,0,1
Jphs696pxY9uQ.jpg,87,turtle,0,0,0,1,0,0,0
Jq4obQ1S6hpyD.jpg,10,duck,0,1,0,0,0,0,1
JsTTSHDIep6xT.jpg,8,doughnut,0,0,0,1,1,0,0
K44COK6vslttd.jpg,39,box,1,0,0,0,0,0,1
K4ARiEyIC9DvW.jpg,14,mango,0,1,0,0,0,0,0
K5qXL6fPhDmps.jpg,6,step,0,1,0,0,0,0,1
KC3QyyqzOyJuC.jpg,16,fence,0,0,0,1,0,0,0
KCJyZ0KckMNFa.jpg,2,nail,0,0,0,1,0,0,0
KDSzEl5U4twVc.jpg,3,spoon,0,0,0,1,1,0,0
KE9OYNU55RodE.jpg,50,tomato,0,1,0,0,0,0,0
KGoIEF0r9mQnF.jpg,5,egg,0,1,0,0,0,0,0
KHgO4W9vs4aLQ.jpg,3,switch,1,0,0,1,0,0,0
KIVBUV27EEE1M.jpg,3,drink,0,1,0,0,0,0,0
KOmD8QzupUO3t.jpg,10,book,1,0,0,0,0,0,1
KQw7vVZYmutKk.jpg,10,sheep,0,1,0,0,0,0,0
KSadwqKHGehI8.jpg,11,seagull,0,1,0,0,0,0,1
KWSM26HAhuXqS.jpg,14,bike,0,1,0,1,1,0,0
KZow8c1VochBa.jpg,4,sheep,1,1,0,0,0,0,0
KaDY05uyz7J3U.jpg,11,flower,0,1,0,0,0,0,1
KbRgHtnst7g2A.jpg,4,teabag,1,1,0,1,0,0,1
KdfzWOiW8MZ2q.jpg,8,rose,0,1,0,0,0,0,0
Kh0kN987ufKub.jpg,60,tile,0,1,0,0,0,0,0
KkWxBtsyTWr3S.jpg,6,bunny,0,1,0,0,0,0,0
KqMdAXNcwRu66.jpg,15,sheep,0,1,0,0,1,0,0
KsWC6srHSoMeT.jpg,3,candy,0,1,1,0,0,1,0
KwwxTeq2WyjRR.jpg,50,lettuce,0,1,0,0,0,0,0
L4scPjQZdG4kX.jpg,50,cucumber,0,1,0,0,1,0,1
L6xs2DnGhjoFH.jpg,7,pigeon,0,1,0,0,0,0,1
L8OiXE1ARB0CK.jpg,50,flower,0,1,1,0,0,0,0
LBMkwwsNq8jqN.jpg,14,duck,0,1,0,0,0,0,0
LD7GBRvhPfCwi.jpg,60,fish,0,1,0,1,1,0,1
LEF96LGWT5TFo.jpg,200,seal,0,1,0,1,1,0,1
LF08UYhJ0Le7x.jpg,3,sheep,0,1,0,0,0,0,0
LGeBKRwV3rUHo.jpg,4,cookie cutter,0,0,0,1,0,0,0
LHZ0YiRLNUwZ9.jpg,3,tart,0,0,0,1,1,0,0
LM9npHFtZO2Lt.jpg,2,toy,0,1,0,0,1,0,1
LOsVgKQddLu78.jpg,3,potato,0,1,0,0,0,0,0
LPbVEJ1R06ha8.jpg,8,window,0,1,0,0,0,0,1
LRHx3Ii7hRAD3.jpg,4,lego,1,1,0,0,0,0,0
LRsQX0zCtc94b.jpg,25,object,1,0,0,1,0,0,1
LWyFK84yweujD.jpg,37,tile,0,1,0,0,0,0,0
LZZqsf3YnoNG8.jpg,50,tile,0,1,0,0,0,0,0
LcKwt4ihTTGLi.jpg,4,cushion,0,1,0,0,0,0,1
LffmVL6tJkZHU.jpg,2,painting,0,1,0,0,0,0,1
LhA6oxcc7nlyz.jpg,9,rose,0,1,0,0,0,0,0
LhVyvi3glRVX9.jpg,40,glass,0,1,0,0,0,0,0
Lhth0LaEOqXsy.jpg,3,dog,0,1,0,0,0,0,1
Lj3INitVCnPxY.jpg,50,leaf,0,1,0,0,0,0,0
LjuGn9oAM9vJT.jpg,10,rose,0,1,0,0,1,0,0
Llhg0icPMGJc5.jpg,3,candy,0,0,0,1,0,0,0
LnE7UOAXy18hG.jpg,5,duck,0,1,0,0,0,0,0
LoIti9rGfjBrW.jpg,9,chess figure,0,1,0,0,0,0,0
LoWXNzki7P8H8.jpg,7,shoes,0,1,0,1,1,0,0
Lp7EqhGglxBii.jpg,3,car,0,1,0,1,1,0,0
LrvJaonAEYA5g.jpg,29,cookie,0,0,0,0,0,0,1
Ls3uZZw4WHjgQ.jpg,30,leaf,0,1,0,0,0,0,0
Ls5RbRbYN6SGJ.jpg,3,duck,0,1,0,1,1,0,1
LtdF3zk1jzrYw.jpg,71,wooden block,0,1,0,0,0,0,0
LwZwmQHB6oSNy.jpg,50,pepper,0,1,0,0,0,0,0
Lwm1OnqJRVdpa.jpg,10,flower,0,1,0,1,1,0,0
LwtaXqY7NG8OV.jpg,25,flower,0,1,0,1,0,0,1
LxF9kyRO048qP.jpg,24,tomato,0,1,0,0,0,0,0
Lxes5i1Au44sX.jpg,12,toy,0,1,0,1,1,0,0
LzKQujgDSQ403.jpg,70,dice,0,1,0,0,0,0,0
M0gSnuUaUhlWy.jpg,30,lea,0,1,0,1,1,0,0
M1TVK4rcKvYuJ.jpg,2,light,0,1,0,0,0,0,0
M1Vw4qXyIbVhi.jpg,3,battery,0,0,0,0,0,1,0
M2oggv0fYuniq.jpg,11,candy,0,1,0,0,0,0,0
M5UuHbsMetDK5.jpg,3,cat,0,1,0,0,0,1,1
M9P63oYAUpQXa.jpg,3,stool,1,0,0,1,0,0,0
M9pMvpb9F4jzF.jpg,19,penguin,0,1,1,1,0,0,1
MAZB3mGbnrvzO.jpg,2,drink,0,1,0,1,1,0,1
MCj0BP1eLlISe.jpg,11,radish,0,1,0,1,1,0,0
MECiCR9HIDs4h.jpg,3,tomato,0,1,0,0,1,0,0
MFNXB7vCZCBkj.jpg,100,bolt,0,1,0,0,0,0,0
MHAaY0ODjKs21.jpg,9,egg,0,1,0,0,0,0,0
MI2FLf7M9j30L.jpg,10,flower,0,1,0,0,1,1,0
MKAnRrs9YePrw.jpg,10,label,0,0,0,0,0,0,1
MMElsAI12yMyn.jpg,10,rose,0,1,0,0,0,0,0
MOjWPt7g3eDnu.jpg,32,pencil,1,1,0,1,0,0,0
MQIrUslp3T0Ro.jpg,10,bird,0,0,0,1,1,0,1
MSHYt5X13mqxS.jpg,4,cat,0,1,0,0,0,0,1
MVS3IAFNk9L5x.jpg,13,ghost,0,1,0,0,0,0,1
MXTrrn1TyuOzZ.jpg,34,square,1,0,0,0,0,0,0
MYfYRG5epPZtL.jpg,24,flower,0,1,0,1,1,0,1
MajAfEdIPzy3T.jpg,11,pastry,0,1,0,0,0,0,1
Me4iYJLPc4JNg.jpg,3,bird,0,1,0,0,0,0,1
Mg5BypJJmwexy.jpg,26,object,0,1,0,0,0,0,0
Mka0bEnlE0QbJ.jpg,7,fork,0,0,0,1,0,0,0
MlfrUtYDc5mih.jpg,30,fish,0,1,0,1,1,0,0
Mnvazu7P1yeib.jpg,4,wii,0,1,0,0,0,0,1
MrcMA01OEdIeS.jpg,24,plum,0,1,0,1,1,0,0
MvPm981v0lVUw.jpg,21,flower,0,1,0,1,0,0,1
MvVWJ6QaAhzoa.jpg,8,cookie,0,0,0,1,0,0,0
MyA9M9OkvZZNa.jpg,4,fork,1,0,0,0,0,1,0
MyOdwn0SCEc4m.jpg,34,window,0,1,0,0,0,0,1
MzbAqe9mFELPv.jpg,27,tile,0,1,0,0,0,0,0
Mzn3SNMwX9p49.jpg,50,plant,0,1,1,0,0,0,0
N3DfxB73Pt2Wj.jpg,5,bird,0,1,0,0,0,0,0
N3JckXV3nmKHB.jpg,50,leaf,0,1,0,0,0,0,0
N5k5taQ5ZEx7p.jpg,5,cup,0,1,0,1,1,0,0
N88qSInfpTCul.jpg,4,toilet paper,0,0,0,0,1,0,0
N8MuicijPvpB5.jpg,50,leaf,0,1,0,0,0,0,0
N8qPSs6PiFDXE.jpg,30,toy,0,1,0,0,0,0,0
NCNfvk9hgILai.jpg,10,candy,0,1,0,0,0,0,0
NCl6WbZNLeHRd.jpg,36,cobblestone,0,1,0,0,0,0,0
NDuDsfwKz0SZQ.jpg,4,passport,0,1,0,0,0,0,1
NG76mGoflrcnb.jpg,3,nail,0,1,0,0,0,0,1
NH7QRgY1JPist.jpg,3,olive,0,1,0,1,0,0,0
NI36F0vzhh9OM.jpg,11,light,0,1,0,0,0,0,0
NI8RRIAVO6PSs.jpg,7,candy,0,1,0,0,0,0,0
NKlqIVOGJe8br.jpg,10,tile,0,1,0,0,0,0,0
NLNX04CStYbcD.jpg,10,lock,0,0,0,0,0,1,0
NLm894nV93kmI.jpg,10,pigeon,1,0,0,1,0,0,0
NMlo3xnNDTust.jpg,50,feather,0,1,0,1,0,0,0
NN6vd6QbEkhwW.jpg,8,bow,0,1,0,0,0,0,1
NPX4lzFO8NteU.jpg,8,shoe,1,0,0,0,0,0,0
NQAJz3t74TJv0.jpg,37,dice,0,1,0,1,0,0,0
NYuXLzy2d41qn.jpg,10,sheep,0,1,0,0,0,0,0
NagiGui7p6I11.jpg,5,duck,0,1,0,0,1,1,1
NbO4SgLnwIGqO.jpg,14,kettle,0,1,0,0,1,0,0
NbodDyjpBqZs1.jpg,5,egg,0,1,0,0,0,0,0
Ne45kCw9ELK3X.jpg,14,ice,0,1,0,0,0,0,0
NhlHYZZKB9Y2Z.jpg,50,tulip,0,1,0,0,0,0,0
NlghrcdbZJ0OA.jpg,6,doughnut,0,1,0,1,0,0,0
NmVekRzR9dbCH.jpg,44,flower,0,1,0,0,0,0,1
No2ki3gpJNljQ.jpg,20,flower,0,1,0,1,1,0,1
NpzfQZ1QlXOuL.jpg,12,umbrella,0,1,0,1,1,0,1
NrDtKJzfV7x7D.jpg,2,phone,0,1,0,0,0,0,0
NrPVNipz8t6HS.jpg,23,flower,0,1,0,0,1,0,0
NsgRaUubGfLG2.jpg,2,drink,0,1,0,0,0,0,1
NuuCQuWhX38yo.jpg,50,tree,0,1,0,0,0,0,0
NvZEG5s1a8Wn6.jpg,7,rose,0,1,0,0,0,0,0
Nw3cBlsMwvmOo.jpg,10,house,0,1,0,1,1,0,1
O10csooiJgRgb.jpg,9,fence,0,1,0,1,0,0,1
O3M6DgoCz7er1.jpg,30,flower,0,1,0,1,0,0,0
O3UeAt1kSrPnq.jpg,4,chess figure,0,1,1,0,0,0,0
O5fPG0VgpREzB.jpg,7,cookie,0,1,0,1,0,0,0
O7Y0FbxfADq9c.jpg,7,paper figurine,0,1,1,0,0,0,0
OA1vsbcSZFXPF.jpg,30,flower,0,1,0,1,0,0,0
OAUGCToz83K2f.jpg,5,pencil,1,1,0,0,0,0,1
OCCs4DVsepOIb.jpg,14,ice cream,0,1,0,1,0,0,0
OE3iAB699FLBg.jpg,16,sheep,0,1,0,0,0,0,0
OHLzYf1rpTmKz.jpg,100,packaging peanut,0,1,0,0,0,0,0
OMVdIELCKg40H.jpg,70,flower,0,1,0,0,0,0,0
ORhPyVZyEv5IY.jpg,5,sheep,0,1,0,0,0,0,0
ORpquhKDCQA1g.jpg,6,candy,0,1,0,0,1,0,1
OSOFt0YYFiJCi.jpg,11,switch,0,0,0,1,1,0,0
OSWd7uLdZ2m3u.jpg,12,tulip,0,1,0,0,0,1,0
OUe1fTXnx1XNP.jpg,24,umbrella,0,0,0,1,0,0,0
OVXfHUSHBX2MU.jpg,11,dog,0,1,0,0,1,0,0
OWNAqYR6oDX7T.jpg,10,light,0,1,0,0,0,0,0
OX6ldvhtXClWY.jpg,2,chicken,0,1,0,1,0,0,0
OY4KaBiZAca17.jpg,6,lime,0,1,0,0,0,0,0
OYtIMJEXwq8qK.jpg,10,figurine,0,1,0,1,0,0,0
OZ3Dq7rwq2TRa.jpg,26,tile,0,1,0,0,0,0,0
OZdqSxDNd7rAJ.jpg,5,chair,0,1,0,0,0,0,0
Oab1QDJOHP8lx.jpg,12,candy,0,1,0,0,0,0,0
ObwBDqIPv1J0r.jpg,50,button,0,1,0,0,0,0,0
Obxi8PnB6TkaI.jpg,25,lime,0,1,0,0,0,0,0
OdIAQxp7fdI2l.jpg,4,candy,0,1,0,0,0,0,0
OdQ6VOTnUog51.jpg,6,figurine,0,1,0,0,0,0,0
Odd One Out - HQ.jpg,20,fish,0,1,0,1,1,0,1
Ohds9UChTAfUn.jpg,19,cookie,0,1,0,0,0,0,0
OhuBCs6S5Av7w.jpg,50,tomato,0,1,0,0,1,0,0
OktYTU7Imd7pK.jpg,100,dog food,0,1,0,1,1,0,0
OljqktueL80E9.jpg,2,drink,0,1,0,1,0,0,1
Om8tcnItUZI6E.jpg,3,flower,0,1,0,0,0,0,1
OoavXfRgys0p1.jpg,100,tulip,0,1,0,0,0,0,0
OqDlxjcFyTs09.jpg,8,bird,0,1,0,1,1,0,1
Oqn1jcsrs417R.jpg,3,bottle,0,1,0,0,0,1,0
Or92XigQ5WAjw.jpg,12,bottle,0,1,0,0,0,0,0
Orj7JrQ9s8I2t.jpg,6,bead,0,1,0,0,0,0,0
Ox0PvrRIX4N2P.jpg,4,banana,0,1,0,0,0,0,1
OzH4NHIrUoArI.jpg,20,coffee bean,0,1,0,0,0,0,0
P05MgJEEh2Bzz.jpg,6,pencil,0,1,0,0,0,0,1
P1Y0jaww9hQtC.jpg,2,drink,0,1,0,1,0,0,1
P4B2lQ5PiRhWK.jpg,25,berry,0,1,1,0,0,0,0
P4wZIGtt3zrPy.jpg,4,window,0,0,0,1,1,0,1
P6AbXQgXA8jFG.jpg,3,bun,0,1,0,1,1,0,1
P7ITxKPdQ5iCS.jpg,6,cow,0,1,0,0,0,0,0
iUF70id8IMMLx.jpg,50,leaf,0,1,0,0,0,0,1
iX73fruQ3TxwC.jpg,50,fence,0,1,1,0,0,0,0
iZnZ1oyfG8T3g.jpg,5,fish,0,1,0,0,0,0,0
ira9q4OHRDfgC.jpg,47,lego,0,1,0,0,0,0,0
iunNo6a3QYeog.jpg,32,flower,0,1,1,0,0,0,0
iveTHzhj55AHM.jpg,50,poppy,0,1,0,1,1,0,0
izirZBd2FaOD2.jpg,23,stone,0,1,0,0,0,0,0
iznCtEcilw1dJ.jpg,6,t-shirt,0,1,0,0,1,0,1
j08sncknx2Vag.jpg,6,pendant,0,0,0,1,0,0,0
j0A7XBym52rcJ.jpg,24,plant,0,1,0,1,1,0,1
j0nv2UlN3qE61.jpg,15,tile,0,1,0,0,0,0,0
j4b0hNrFKwOLC.jpg,8,sheep,0,1,0,0,0,0,0
j6SlQCfv68Oc5.jpg,2,light,0,1,0,1,0,0,1
j7dete7xdnqHt.jpg,100,pasta,0,1,0,1,1,0,0
j7hVEWfX11iHZ.jpg,4,tulip,0,1,0,0,1,0,0
j9T1J3MGFz5es.jpg,16,pepper,0,1,0,0,0,0,0
j9c3UDTjfAOW2.jpg,28,potato,0,1,0,0,0,0,0
j9mIZoDZoPaRR.jpg,11,bicycle,0,1,0,0,0,0,1
jBEcdU4i1Hs9P.jpg,17,child,0,1,0,1,1,0,1
jBVs3kdfkH8Z4.jpg,6,toy,0,1,0,1,0,0,1
jC4YE5zDVXq8j.jpg,50,watering can,0,1,0,0,0,0,0
jFkBjapCA9PyS.jpg,4,candy,0,1,0,0,0,0,1
jFyL70wdsMZrT.jpg,14,grape,0,1,0,0,1,0,0
jG2inLZMZtbBI.jpg,19,person,0,1,0,1,0,0,1
jHgYPxBW3jpSs.jpg,5,tart,0,1,0,1,0,0,0
jIRUbCMTgzu0m.jpg,35,cookie,1,0,1,1,0,0,1
jKKcODgFQr2Xs.jpg,9,tulip,0,1,0,0,1,0,1
jNmz5AdSDuOjw.jpg,12,match,0,1,0,0,0,0,1
jOr28HpdSwgsJ.jpg,90,tile,0,1,0,0,0,0,0
jQKBGn5nZfvEJ.jpg,28,stone,0,1,0,0,0,0,0
jS0ukwLPRygEs.jpg,50,leaf,0,1,0,0,0,0,0
jUxRR1b4K3E63.jpg,22,lion,0,1,0,1,0,0,1
jZDdAotgJo4SN.jpg,7,clothing pin,0,0,0,0,0,1,0
jbI6dC3C6TFrM.jpg,100,stone,0,1,0,0,0,0,0
jejwiT6s3jdm8.jpg,6,parrot,0,0,0,1,0,0,1
jfhGV2SmlfIp4.jpg,13,bird,0,1,0,0,0,0,1
jj3NGdcR4gpRq.jpg,6,bottle,0,1,0,0,0,0,1
jkybsa5dpdprW.jpg,2,dog,0,1,0,0,1,0,0
jo2syGj38c0He.jpg,100,rose,0,1,0,0,0,0,0
jqlTB8b1SfW8o.jpg,26,pepper,0,1,0,0,0,0,0
jsYuc1C5wkIbj.jpg,15,duck,0,1,0,1,1,0,1
juQA9j8CbAFVT.jpg,9,flower,0,1,0,0,0,1,1
jxUAGAqbwzIe7.jpg,75,poppy,0,1,0,1,1,0,0
jyAnonOmUW3Jj.jpg,7,parrot,0,1,0,1,1,0,1
jykB9YdUwZr1T.jpg,12,asparagus,0,0,0,0,1,0,0
k0tKyOvVXTJSh.jpg,15,box,0,1,0,1,1,0,1
k1W6GtT95T5xO.jpg,22,figurine,0,1,0,1,0,0,1
k1l6jbdvLU2Xo.jpg,3,cup,0,1,0,1,0,0,0
k2DP1cGHuBgPV.jpg,8,locker,0,1,0,0,0,0,0
k2v8kxcLfTZqN.jpg,10,banana,0,1,0,0,0,0,0
k3mt11vcE0oxq.jpg,15,garlic,0,1,0,1,0,0,1
k3xuKiKcGKJsI.jpg,10,apple,0,1,0,0,0,0,0
k3zFBnREBOvYY.jpg,24,lemon,0,1,1,0,1,0,1
k4RD4rNwVO2dX.jpg,3,flower,0,0,0,1,1,0,0
k6MfEKYV9mp5L.jpg,3,toy duck,1,1,0,0,0,1,1
k7zcaSfxFfL9B.jpg,49,pill,0,1,0,0,0,0,1
kB48GKZ5891eM.jpg,35,person,1,1,0,0,0,0,1
kE37fvJ079vjC.jpg,100,lego,0,1,0,1,0,0,0
kEQFCwUCyW8BC.jpg,26,ghost,1,0,0,0,0,0,1
kFdTGp0E0hnk1.jpg,14,strawberry,0,1,0,0,0,0,0
kH61IOsV0wWuQ.jpg,3,cookie,0,1,0,0,1,0,0
kKD5xVxADp1U4.jpg,3,dog,0,1,0,0,0,0,1
kMWbb4fxRWywE.jpg,3,drink,0,1,0,0,0,0,0
kNf5rjz4VXtbS.jpg,6,flower,0,1,0,0,0,0,1
kPs70HbEYqGIm.jpg,8,doughnut,0,1,0,1,1,0,1
kQ1mtZQ2QuQGx.jpg,30,leaf,0,1,0,0,0,0,0
kSpKa7pjr0jQk.jpg,50,plant,1,1,0,0,1,0,0
kUFk2FxCs2XqZ.jpg,50,tulip,0,1,0,0,0,0,0
kUYyXff40AMQq.jpg,5,cookie,0,0,0,1,0,1,0
kW6018SrTTrPI.jpg,100,leaf,0,1,0,0,0,0,0
kWbMJqlj6u0uo.jpg,200,tulip,0,1,0,0,0,0,0
kY7uMFyKtBhwZ.jpg,4,person,1,1,0,0,0,0,0
kcLiN9zTqIIei.jpg,59,stamp,1,0,0,0,0,0,0
kf7pfZ09EGIWV.jpg,44,tile,0,1,0,0,0,0,1
kgSsk05AD2BXq.jpg,35,rose,0,1,0,0,0,0,0
kkgHj6g4zYkXl.jpg,29,ball,0,1,0,0,0,0,1
klr6f8hYOH1vx.jpg,6,orange,0,1,0,1,1,0,0
kqzUoScI3G9u1.jpg,3,pastry,0,1,0,1,0,0,1
ksEiC6avaZmpP.jpg,4,tree,0,0,0,0,1,0,1
ksbCNwy9CqKkz.jpg,50,confetti,0,1,0,0,0,0,0
kudtTo7y4nKfc.jpg,50,flower,0,1,0,0,0,0,0
kwObzxz6bsIrB.jpg,12,rose,0,1,0,0,0,0,0
kzCVHCJILeZR9.jpg,5,cookie,1,0,0,0,0,0,0
kzv5zvVs8j7O6.jpg,100,flower,0,1,0,0,0,0,1
l14VhYjg3T8Nk.jpg,5,tomato,0,1,0,1,1,0,1
l3Tf4Adibk9zU.jpg,3,heart,0,1,0,1,1,0,1
l4IqPuYMmPIVb.jpg,6,tulip,0,1,0,1,0,0,0
l4nxAJ25Bit2Z.jpg,2,car,0,1,0,0,0,0,0
l5xjVfzkEBY4b.jpg,50,candy,0,1,0,0,0,0,0
l8VCsC85TpIcd.jpg,10,bicycle,0,1,0,0,0,0,1
lCGKxA2xonphP.jpg,4,flower,0,1,0,0,1,0,0
lEsnySaXrrj3n.jpg,18,puzzle piece,0,1,0,0,0,0,0
lGbrlBs9W2f0S.jpg,7,candy,0,1,1,0,0,0,0
lGvxRqw0kpokB.jpg,14,crate,0,1,0,0,0,0,0
lIgdJfxSnJBP6.jpg,22,berry,0,1,0,0,0,0,0
lKx3OW1I4TMnO.jpg,70,tile,0,1,0,0,0,0,0
lOWRKRv5ura0e.jpg,3,antelope,0,1,0,0,0,0,1
lRTQZw9DNVPfC.jpg,23,ice cream,0,1,0,0,0,0,0
lRUh8JcGExRaF.jpg,8,airplane,0,0,0,0,0,1,0
lTPcF8PGUxGlp.jpg,5,pastry,0,1,0,0,0,0,1
lXpI9E8yBOt7q.jpg,3,watering can,0,1,0,1,1,0,0
ldS62ZMIDU8mZ.jpg,7,screws,0,1,0,1,1,1,0
ldV2NThFT0Tw5.jpg,18,fishe,1,1,0,0,0,0,1
le6mBSgzWwmZI.jpg,37,flower,0,1,0,1,0,0,0
lga3ejG2S2hML.jpg,24,seagull,0,1,0,0,1,0,1
lknse3r6UGLYd.jpg,30,locker,0,1,0,0,0,0,1
lmHztTek8M2mX.jpg,2,seat,0,1,0,0,0,0,1
lnixVJX3cRm83.jpg,3,chicken,0,1,0,1,0,0,1
lnjIlKkWJ54X1.jpg,75,tulip,0,1,0,0,0,0,0
loIMWy9yMHAUC.jpg,7,pod,0,1,0,0,0,0,0
lp6eV0JF73FQ0.jpg,8,flower,0,1,0,0,0,0,0
lpi3nmGKozZCe.jpg,14,deer,0,1,0,0,0,0,1
lr0zTGNr9wYXf.jpg,3,drink,0,1,0,0,0,0,1
lsKvgJA9zTGbh.jpg,3,sink,0,0,0,1,1,0,0
ltabobACI6lhl.jpg,15,face,0,0,0,0,0,0,1
ltnWj1xqNnHG5.jpg,3,nail,0,1,0,0,0,0,0
luD2pSMrE2MPL.jpg,7,dumbbell,0,1,0,0,0,0,1
lxCk8zuP0WaHR.jpg,12,muffin,0,1,1,0,0,0,0
ly9XF6LkRs8Hv.jpg,8,treee,0,1,0,0,0,0,0
lzc1PYRaenKsL.jpg,32,duck,0,1,0,0,0,0,1
m3B3k3glchS3z.jpg,3,seagull,0,1,0,1,0,0,1
m49lGNR4z1XcG.jpg,6,sausage,0,1,0,0,0,0,1
m6O0MaiS8nJEm.jpg,38,jar,0,1,0,0,0,0,0
m7d44c5yN51Uu.jpg,3,mailbox,0,0,0,1,1,0,0
m9NUOrs64KFiR.jpg,19,light,0,1,0,0,0,0,0
m9OI9jqcOCRSe.jpg,100,tile,0,1,0,0,0,0,0
m9XdBbTDdvAVL.jpg,24,tulip,0,1,0,1,0,0,0
m9xoqF4RUUFTL.jpg,100,candy,0,1,0,0,0,0,0
mCr9q0XARDofK.jpg,8,umbrella,0,1,0,0,0,0,0
mDPtteN1WQlsW.jpg,50,candy,0,1,0,0,1,0,1
mEln5UxOSYHZz.jpg,3,dog,0,1,0,1,0,0,1
mFEjU3vBkzHLJ.jpg,60,flowers,0,1,0,1,0,0,0
mFSEpGErd6v2m.jpg,23,dandelion,0,1,0,1,0,0,0
mFk9yYzvebeee.jpg,4,tulip,0,1,0,0,0,0,1
mITyHNvwBd3Qh.jpg,25,leaf,0,1,0,0,0,0,0
mJhOwD1NHfTYP.jpg,4,giraffe,1,0,0,0,0,0,0
mKfdZX2QHRz0L.jpg,2,drink,0,1,0,0,0,0,0
mQOvh0LxTY1vE.jpg,20,stone,0,1,0,0,0,0,0
mRwM5mosgBd9w.jpg,3,bunny,0,1,0,0,0,0,1
mSYZO1UHnelL0.jpg,19,window,0,1,0,0,0,0,0
mWwZSCssC4fh7.jpg,30,onion,0,1,0,0,1,0,0
mX4YGBURJpoUo.jpg,50,petal,0,1,0,0,0,0,0
mYNti9tuncprK.jpg,15,tile,0,0,0,0,0,0,1
maKoIZReUArp2.jpg,5,chair,0,1,0,0,0,0,0
mbJm9csaiCLTr.jpg,12,narcissus,0,1,0,0,0,0,0
mc41IwBMFliEN.jpg,14,ball,0,1,0,0,0,0,1
mfDrA8QnIoqqG.jpg,3,bottle cap,0,1,0,0,0,0,1
mhOp2VOM8vYIK.jpg,3,switch,1,0,0,1,0,0,0
mhS4YQRX6hiVE.jpg,4,stool,0,0,0,1,0,0,0
miJX383OtN2vK.jpg,24,berry,0,1,0,0,0,0,0
mkZnbrJV9mTdP.jpg,4,light,0,1,0,0,0,0,0
mphiTgsZS6tPx.jpg,50,tile,0,1,0,0,0,0,0
mqrUJEVLBJJ7Q.jpg,50,paper clip,0,1,1,0,0,0,0
mrYN6YxoO9wiH.jpg,20,pen,0,1,0,0,0,0,1
mtN7lSknHjUoz.jpg,50,tile,0,1,0,0,0,0,0
mutRZtVQueX1N.jpg,3,cow,0,1,0,0,0,0,0
mwaOdabUd9A06.jpg,4,toy,0,1,0,0,0,0,1
myM89YtHSg4v2.jpg,3,wood plank,0,1,0,0,0,0,1
myOhRIJrW9KEd.jpg,2,dogs,0,1,0,0,0,1,0
mzIbCLgP3qJue.jpg,7,hay roll,0,0,0,0,1,0,0
n17kJYhfGx0vN.jpg,62,tile,1,0,0,0,0,0,0
n4pqaetRkNcgN.jpg,4,fountain,0,1,0,1,0,0,0
n4vTX82FKPc5p.jpg,25,duck,0,1,0,0,1,0,1
n7zUMS40cjMBz.jpg,7,chalk,0,1,0,1,1,0,0
n8zdgqBzmlQsG.jpg,100,tulip,0,1,0,0,0,0,0
n9V8EYTahaXtH.jpg,30,tomato,0,1,0,0,0,0,0
n9xjcELQn9vf9.jpg,50,tile,0,1,0,0,0,0,0
nB7r18wBIuYub.jpg,70,dandelion,0,1,1,1,0,0,0
nBFuPnb44bf2O.jpg,3,bagel,0,1,0,0,0,0,1
nDVJDBB7314QR.jpg,15,cupcake,0,0,0,1,0,0,0
nIZk2LXbmF3Uf.jpg,2,llama,0,1,0,1,1,0,0
nK1DxDJ0wQTO8.jpg,60,coffee bean,0,1,0,0,0,0,0
nNIfnN8UfC3OD.jpg,4,duck,0,1,0,0,0,0,1
nQZ7SbY4YVOw6.jpg,30,leaf,0,1,0,0,0,0,1
nSXNqRJTmV2WP.jpg,50,tiles,1,0,0,0,0,0,0
nVOiE9LvZIPBO.jpg,8,statue,0,1,0,0,0,0,0
nVQpTBHjM2Kiz.jpg,10,doughnut,0,1,0,0,0,0,1
nYhmGL1THKl5T.jpg,20,window,0,1,0,0,0,0,1
nZ5g0JOfYeJMZ.jpg,5,toy,0,1,1,0,0,0,0
nclKmKMqZO66Q.jpg,62,tulip,0,1,0,1,1,0,0
nePPtKpW1rqzQ.jpg,15,cupcake,1,0,0,0,0,1,0
neUIZDquxN60q.jpg,5,light,0,1,0,1,1,0,0
nf8wz2xDSQJpo.jpg,35,battery,1,0,0,0,0,0,1
ng8GK7DMlponu.jpg,27,potato,0,1,0,0,0,0,0
ngbbsR6ggWVNf.jpg,12,cupcake,0,0,0,1,1,0,1
niZjyx6F6swuN.jpg,6,horse,0,1,0,0,0,0,0
nkbhfgFwn1e2C.jpg,6,guitar,0,1,0,0,0,0,1
nkne2TOzowoWh.jpg,6,cake,0,1,0,0,1,0,1
nlYHX1ew70JoV.jpg,5,toilet paper,1,0,0,0,0,0,1
nlwllhqWEpC4T.jpg,4,can,0,1,0,0,0,0,1
noQHi91EIolCt.jpg,4,light,0,1,0,0,0,0,0
npTwWEUkqn1Ia.jpg,8,tulip,0,1,0,0,0,1,0
npdAmEJjj3hzy.jpg,12,cat,0,1,0,0,0,0,1
npi17uR3R5M6J.jpg,24,pipe,1,0,0,1,1,0,0
ns4IbHuNl3Gy0.jpg,2,drink,0,1,0,1,0,0,1
nsW1eV4iwKwRZ.jpg,25,onion,0,1,0,1,1,0,1
ntamNUVg1EvGU.jpg,100,toy duck,0,1,0,0,1,0,1
nv7k9xhKsTqQV.jpg,18,tile,0,1,0,0,0,0,1
nvUlhQ4IHJ5xG.jpg,3,duck,0,0,0,0,0,1,0
nw9ZhTS9szcF1.jpg,30,leaf,0,1,0,0,0,0,1
nxilAuL2biPvy.jpg,100,tulip,0,1,0,1,0,0,0
29TqXoqAY93Sd.jpg,8,duck,0,1,0,1,1,0,1
4dkPiQBbNCWPG.jpg,14,person,0,1,0,1,0,0,0
5PpIvAM3MDsNm.jpg,22,wood plank,0,1,0,0,0,0,0
8asoseM7yBwTq.jpg,3,seed,0,1,0,0,0,0,0
99zcswnJ5vqEA.jpg,11,light,0,1,0,0,0,0,0
Bkg8v0wgBChoq.jpg,21,bird,1,0,0,0,0,0,0
CtBTxOpZuN8l1.jpg,27,ball,0,1,0,0,0,1,0
EOc2o4C5j57N6.jpg,50,stork,0,0,0,1,1,0,1
ae6AyTFY9DW7T.jpg,2,flower,1,0,0,0,0,0,0
eVUnS6LtZVx96.jpg,100,fence,0,1,0,0,0,0,0
0egBN1DRX8jz5.jpg,5,pill,0,1,0,0,0,0,1
23dhWtlgBC3iE.jpg,11,kiwi,0,1,0,1,0,0,1
3R6nrUVFpCoGu.jpg,11,dog,0,0,0,1,0,0,1
3x4bMfMACry6l.jpg,8,eye,1,0,0,0,0,0,0
CelA9TuAXoH5f.jpg,19,ladybug,0,1,0,1,1,0,1
6s7ptlcw3hpx.jpg,100,cork,0,1,0,0,0,0,0
Fam8h.jpg,25,pigeon,0,1,0,0,0,0,0
YjAcwWi.jpg,4,duck,0,1,0,1,1,0,1
iaS89.jpg,6,pigeon,1,0,0,0,0,0,1
jBAQLt6.jpg,11,doughnut,0,1,0,0,0,0,1
prpaqb7tnvp01.jpg,55,box,0,0,0,0,0,0,1
zYclq.jpg,10,lego,1,1,1,0,0,0,1
01sZSiHSd4X7E.jpg,15,cassette,0,1,1,0,0,0,0
0292eTfHgFZ3V.jpg,6,flamingo,0,1,0,1,0,0,0
03GRvA8gNLeJq.jpg,30,bottle,0,1,0,0,0,0,0
03GUhN4kIV5xe.jpg,29,carrot,0,1,0,0,0,0,0
03NGTgsCnQB8d.jpg,3,duck,0,1,0,0,0,0,1
05Un3gGFMaaVe.jpg,30,rose,0,1,0,1,1,0,0
05t109NWmE1I7.jpg,13,ball,0,1,0,0,0,0,1
061eJk9MvOVwE.jpg,21,duck,0,0,0,1,0,0,0
07gMLaxqSlywD.jpg,50,tulip,0,1,0,0,0,0,1
0AHUYWYHL3mLc.jpg,100,flower,0,1,0,0,0,0,0
0B1TmE8VezOm0.jpg,6,figurine,0,0,0,0,0,0,1
0C9c5PgVTSgWx.jpg,38,fish,0,1,0,0,0,0,0
0CNRK7gM7Vi4C.jpg,3,dog,0,1,0,1,0,0,0
0ClULurIHcknx.jpg,10,object,0,1,0,0,0,1,0
0CnhebPHyVuFJ.jpg,23,person,1,0,0,1,0,0,1
0DNaEpN9NUpTY.jpg,36,tulip,0,1,0,0,0,0,0
0EE0g7PVlcxT5.jpg,3,drink,0,1,0,0,0,0,0
0EGWfZTV50kap.jpg,7,book,0,1,0,0,0,0,0
0EQoXRhXVma9K.jpg,11,cupcake,0,1,0,0,0,0,0
0EzdbVR9ji3Jw.jpg,21,tulip,0,1,0,0,0,0,1
0FDSppzOh4ORN.jpg,5,bag,0,1,0,1,1,0,1
0FNExMFlq9aOA.jpg,2,cookie,0,0,1,0,1,0,1
0FbjpL4jWwsG7.jpg,5,candy,0,1,0,0,0,1,0
0I1WhMNUjNQZP.jpg,13,seagull,0,0,0,1,0,0,0
0IqMyR0RsVxJa.jpg,6,chicken,0,1,0,0,0,0,0
0KM9zAvfrvUf2.jpg,3,toy,0,1,0,1,0,0,0
0LBzETIB9B7n4.jpg,30,pencil,1,0,0,0,0,0,0
0LTvqrqyYXFTa.jpg,50,candy,0,1,0,0,0,0,0
0MRo6LdIPajOj.jpg,6,wooden plank,0,1,0,0,0,0,0
0N9MXBjWQjd8j.jpg,10,table tennis racket,0,1,0,1,0,0,0
0NCXNNNVBZNMk.jpg,8,person,0,0,0,1,0,0,0
0NmfPy9er2kJs.jpg,5,empennage,0,1,0,0,0,0,1
0OUWiD9CLqRe9.jpg,11,thread,0,0,0,0,1,0,0
0PO63SCyzD3N2.jpg,5,packaging,1,0,0,0,0,0,0
0QGyZt998Qe3P.jpg,3,pumpkin,0,1,0,0,0,0,1
0RbHpxxfu9ZbD.jpg,4,costume,0,1,0,0,0,0,0
0RnImELApU6Zr.jpg,2,chimney,0,1,0,0,1,0,0
0T5KS6eUr7Wto.jpg,4,cat,0,1,0,0,0,0,0
0TMWQt3a1pIYe.jpg,28,bird,0,1,0,0,0,0,0
0X5QULy0f6lI4.jpg,11,egg,0,1,0,0,0,0,0
0YFeGpag1Npd3.jpg,3,box,0,1,0,0,0,0,0
0YbWgzpIlpM6B.jpg,30,leaf,0,1,0,0,0,0,1
0YgCOfSuCjvhH.jpg,7,fish,0,1,1,0,0,0,1
0YkOBw99f4yQD.jpg,3,faucet,0,0,0,1,1,0,0
0ZwSlZlMEz0ZB.jpg,45,pen,1,1,0,1,0,0,1
0c1pysEafbjYJ.jpg,6,duck,1,1,0,1,1,0,0
0cS9AyRXbZbWw.jpg,25,leaf,0,1,0,0,0,0,0
0eugYE5iyta2S.jpg,100,tulip,0,1,0,1,0,0,0
0evvpgQfV1nDi.jpg,8,circle,0,1,0,0,0,0,0
0fLSw0oi5vghP.jpg,6,card,0,1,0,0,0,1,0
0jCw90J6aOskI.jpg,4,cupcake,0,1,0,0,0,0,1
0k3TulZrjVW64.jpg,6,drink,0,1,0,1,0,0,0
0l706dqak7d5I.jpg,5,window,1,0,0,1,0,0,0
0mV9Krolo2YPO.jpg,50,candy,0,1,0,0,0,0,0
0nkIrWoreCZn1.jpg,7,avocado,0,1,0,0,0,0,1
0pr7jmSs1vb1X.jpg,8,cookie,0,1,0,0,0,0,0
0qfz37l0EZ2pL.jpg,16,pasta,0,0,0,1,0,0,0
0qh13AeBLsYSZ.jpg,2,socket,0,1,0,1,1,1,0
0rMD3fiIfyD34.jpg,7,chicken,0,1,0,0,0,0,0
0tKY3hF9hMrVt.jpg,35,chess figure,0,1,0,0,0,0,0
0txO8BLaRezMJ.jpg,7,bird,0,1,0,1,1,0,1
0u0HFBoMS5dcY.jpg,18,lemon,0,1,0,1,1,0,0
0xBxqv3x5EQ2K.jpg,2,fish,1,0,0,0,0,0,0
0xOjQqhCJOBuV.jpg,11,tart,0,1,0,1,0,0,1
0xWWoSO7rvoT1.jpg,26,candy,0,1,0,0,0,0,0
0yul6zQsJSqLs.jpg,30,leaf,0,1,0,0,0,0,0
0zkJHvQdbNABN.jpg,4,duck,0,1,0,0,0,0,0
143DNk1pNKXUH.jpg,50,bottle,0,1,0,0,0,0,1
14DUNUZ3Nd7sy.jpg,15,orange,0,1,0,0,0,0,0
168k6J3PPxdig.jpg,11,egg,0,1,0,0,0,0,0
16gkdQRsyF1Jb.jpg,8,light,0,1,0,0,0,0,0
189U8jBfhzTKg.jpg,16,grape,0,1,0,0,0,0,0
19l7S1RN5vX0Q.jpg,40,flower,0,1,0,0,0,0,0
19vqxZBOB9n10.jpg,9,book cover,0,1,0,0,1,0,0
1B3HXtKFvDvcQ.jpg,48,square,1,0,0,0,0,0,0
1FsRIfSb9WUFV.jpg,3,nail,0,1,0,0,0,0,1
1H9kTs6w1awjY.jpg,6,bird,0,0,0,1,0,0,0
1KIXuxfLHcXkN.jpg,2,light,0,1,0,0,1,0,0
1KnMyzn6k6nkq.jpg,20,pencil,1,0,0,1,0,0,0
1Kw2TERnB6Tri.jpg,13,eggplant,0,1,0,0,0,0,1
1NQIYKQCLgt8R.jpg,60,blackberry,0,1,0,0,0,0,0
1Q65KmTgV7h1h.jpg,40,pepper,0,1,0,0,0,0,0
1QaTkVfH5SAo1.jpg,40,flower,0,1,0,0,0,0,0
1SfsOxW4evUfP.jpg,9,orange,0,1,0,0,0,0,1
1Wo8BOMUv3ZgZ.jpg,3,bicycle,0,1,0,0,0,0,1
1Y6ddPh5eu3UV.jpg,60,flower,0,1,0,1,0,0,0
1aZAp7m8epgjz.jpg,5,bottls,0,1,0,1,0,0,1
1bhQx6CUesuRN.jpg,60,chair,0,1,0,0,0,0,0
1cEP61fj9Y0VN.jpg,53,flower,0,1,0,0,0,0,0
1hDwrigTNjS3K.jpg,8,potato,0,1,0,0,0,0,0
1jFyFqZfHMuZI.jpg,9,bun,0,1,0,0,0,0,1
1k9cYKLpF3SO0.jpg,4,cart,0,1,0,0,0,0,1
1l18rNimzOk2g.jpg,29,brownie,0,1,0,0,0,0,1
1m05MjPqqnG1Z.jpg,10,veil,0,1,0,0,0,0,0
1mhnAwNjCqDY5.jpg,11,bicycle,0,1,0,0,0,0,1
1nXCg8wl9GqRh.jpg,7,parrot,0,1,1,1,1,0,1
1nzjZRgCQJRAB.jpg,7,line,0,1,0,0,1,0,0
1o2bE6IW7uc1I.jpg,27,cat,1,0,0,1,0,0,1
1oOX3aH2Y1YwN.jpg,10,flower,0,1,0,1,0,0,0
1oQgOcLO9tZjE.jpg,10,flower pot,0,1,0,0,0,0,0
1oo3mkfG2DjmA.jpg,48,mandarin,0,1,0,0,0,0,0
1pGX614t2fxup.jpg,14,bag,0,1,0,0,0,0,1
1thJo4lgKUj2M.jpg,4,duck,0,1,0,0,0,0,1
1tpx1MNWVqUrZ.jpg,12,leaf,0,1,0,0,0,0,0
1uVBLJwloWTlu.jpg,44,paper clip,0,1,0,0,0,0,0
1uoW9CIOUDQX6.jpg,13,duck,0,1,0,0,0,0,0
1vz64VkNLPZsj.jpg,25,flower,0,1,0,0,0,0,1
206bhK3X6j7PU.jpg,21,kiwi,0,1,0,0,0,0,1
21SeO4S2y7kty.jpg,2,duck,0,1,0,0,1,0,1
2399O4pD27dPg.jpg,4,cupcake,0,1,0,0,0,0,1
26XCqQ2FCJOJv.jpg,60,stone,0,1,0,0,1,0,0
2DltImHUEklYU.jpg,2,pillar,0,1,0,0,0,0,1
2HU6z3rUrhtWg.jpg,100,candy,0,1,0,0,0,0,0
2IkbMMp7aTs4s.jpg,60,banana,1,1,0,0,0,0,0
2J68Dy5nmDQg8.jpg,35,candy,0,1,0,0,0,0,0
2LjYpqgOoB9Lc.jpg,29,balcony,0,0,0,1,1,0,0
2Mif2Dnh3MZO3.jpg,8,shoes,1,1,0,0,0,0,0
2MnhFM9HTXpr6.jpg,5,locker,0,1,0,0,0,0,0
2OroCkeMpH09M.jpg,18,apple,0,1,0,0,0,0,1
2PBDp67c2b0Pc.jpg,9,tomato,0,1,0,0,0,0,0
2QtAVztS5Ah5N.jpg,8,narcissus,0,1,0,0,0,0,0
2U4uulu46k2iE.jpg,61,butterfly,0,1,0,0,0,0,0
2UnOLU0aFcmSP.jpg,12,egg,0,1,0,0,0,0,1
2VOxdUIwvue1D.jpg,6,mailbox,0,1,0,1,1,0,0
2VQ8RVQ95QHDv.jpg,10,penguin,1,1,1,0,0,0,1
2Vj3LtASNlqFs.jpg,15,toy duck,0,1,0,1,1,0,0
2WBH8Jz0NTgDQ.jpg,65,letter,0,1,0,0,0,0,0
2X64QVfi9Lxt1.jpg,13,wood plank,0,1,0,0,0,0,0
2XQHpFHjApR3f.jpg,46,coin,0,0,0,1,0,0,0
2YDNDYwk4yPN3.jpg,100,candy,0,1,0,0,0,0,0
2YkrYFTH7oE2R.jpg,3,tart,0,1,0,0,0,0,1
2bvv5hXtJBfZ4.jpg,4,shell,1,1,0,0,0,0,1
2hdM3ae3sg3sc.jpg,8,bottle,0,0,0,1,1,0,1
2kbaRCCJmHwDn.jpg,100,flower,0,1,0,0,0,0,0
2oE6iWqORfSsm.jpg,3,nail,0,1,0,0,0,0,0
2pbRZMr1AtFxy.jpg,3,drink,0,1,0,1,0,0,1
2quQqoR1P7JKk.jpg,4,pajamas,0,1,0,0,0,0,1
2r5GOTXuEPLen.jpg,2,nail,0,1,0,1,0,0,0
2r8wlDiGvFTVU.jpg,15,flamingo,0,1,0,0,0,0,0
2rav821fXmqwm.jpg,7,light,0,1,0,0,1,0,1
2rd7nXi5C9AN5.jpg,10,persimonn,0,0,0,0,0,0,1
2rwsU6NWVB0Ca.jpg,5,drink,0,1,0,0,0,0,0
2tJg9lyrksvjV.jpg,19,plant,0,1,0,0,1,0,0
2wNrHF0CDuZPp.jpg,27,cobblestone,0,1,0,0,0,0,0
2wT9SLzgkwPvX.jpg,23,sheep,0,1,0,0,0,0,0
317gfj0WBWAgZ.jpg,71,tulip,0,1,0,0,0,0,0
318X6VCQkvKLm.jpg,60,apple,0,1,0,0,0,0,0
325V4yNEfJwgV.jpg,7,bottle cap,0,1,0,0,0,0,0
34JpCO25s1Peh.jpg,60,berry,0,1,0,0,0,0,0
385qnQ2vpnlgi.jpg,13,fish,0,1,1,1,0,0,1
3A4vERJ9u6nrO.jpg,18,berry,0,1,0,0,0,0,0
3AhaZcCxk023O.jpg,4,light,0,1,0,0,0,0,0
3C7ug46maA6L7.jpg,28,sheep,0,1,0,0,0,0,0
3EPwyZ0kFBJy7.jpg,12,pepper,0,1,0,0,0,0,0
3EwVumkPA5evK.jpg,7,toy duck,0,1,0,0,0,0,1
3EyjjP1XS1mXa.jpg,30,leaf,0,1,1,0,0,0,0
3Ic2TVTPokrXd.jpg,10,tomato,0,1,0,0,0,0,0
3LIIN9D2e74ci.jpg,46,berry,0,1,0,0,0,0,0
3LStpAxPTLcpf.jpg,8,candy,0,1,0,0,0,0,1
3MFKcOkWYKU9Z.jpg,7,sheep,0,1,0,0,0,0,0
3NiEX1UHnhxOa.jpg,60,duck,0,1,0,0,0,0,0
3OR1gBDUv6G4V.jpg,67,tile,0,1,0,0,0,0,0
3Ol3oVExBjjCw.jpg,30,pepper,0,1,0,0,0,0,0
3SYK93aFICPC2.jpg,11,token,0,1,0,0,0,0,0
3U8spsizems6L.jpg,5,egg,0,0,0,0,0,0,1
3VLWCqE7rTU97.jpg,3,stocking,0,1,0,0,0,0,1
3Wl9AykhYmcVR.jpg,39,egg,0,1,0,0,0,0,0
3WtQMlUzyA48h.jpg,3,cup,0,1,0,1,0,0,0
3ZfEwNl58YoSf.jpg,5,turtle,0,1,0,1,0,0,0
3aNZrUhZNwhOI.jpg,60,pumpkin,0,1,0,0,0,0,0
3eiVHxPAwhik1.jpg,8,sheep,0,1,0,0,0,0,0
3jZJaQhXwazCI.jpg,10,pumpkin,0,1,0,0,0,0,0
3mSobKv6kx5Qd.jpg,10,lime,0,1,0,0,0,0,0
3qGnCkHYlPkV9.jpg,19,tulip,0,1,0,0,0,0,0
3qgbuJY0OuUeF.jpg,5,duck,0,1,0,0,0,0,1
3qpSmUvefH03K.jpg,4,pigeon,0,1,0,0,0,0,0
3sW63Lzi4v6Kq.jpg,100,pull tab,0,1,1,0,0,0,0
3vwvF55AmuG3d.jpg,4,car,0,1,0,0,0,0,0
3xU3I3eowHbq6.jpg,4,bird,1,0,0,0,0,0,0
3xikCM1Con0M3.jpg,29,egg,0,0,0,0,1,0,0
3xmDWZBoCFcY9.jpg,18,candy,0,1,0,0,0,0,0
3xykl1CwLqTLO.jpg,11,dog,0,1,0,0,0,0,0
43pqJUc0mzlY2.jpg,5,ball,0,1,1,0,1,0,1
45BcbNKyKcI9N.jpg,10,egg,0,1,0,0,0,0,0
48nqThi9M1krq.jpg,29,tile,0,1,0,0,0,0,1
48sF8fkcJ3ipx.jpg,5,sheep,0,0,0,1,1,0,0
4AGptUBPS217B.jpg,9,shape,0,1,0,0,0,0,0
4AYNKfKnGoNmL.jpg,50,leaf,0,1,1,0,0,0,0
4BlbhFtceYdXN.jpg,22,orange,0,1,0,1,1,0,1
4C9XsQyW3EYHR.jpg,60,poppy,0,1,0,0,0,0,0
4DDSyOzx1EQYa.jpg,19,pepper,0,1,0,0,0,0,0
4DgbgVxp2i0qG.jpg,100,ladybug,0,1,0,0,0,0,1
4F2TJYIgruyuE.jpg,15,candy,0,1,0,0,0,0,1
4FhvQevReYeI5.jpg,6,egg,0,1,0,0,0,0,0
4GmiE0Ws5deEJ.jpg,7,egg,0,1,0,0,0,0,0
4Gp1wxlXCdRNN.jpg,30,tulip,0,1,0,0,0,0,0
4IYhA7x3kh8bk.jpg,100,fish,0,1,0,0,0,0,0
4K1iYLv6UXkQv.jpg,9,grape,0,1,1,0,1,0,0
4L4se2BwC1YLH.jpg,10,bicycle,0,1,1,0,0,0,0
4OIOK7G4yI8Yc.jpg,3,nail,0,1,0,0,0,0,0
4P90gd2zMCMCx.jpg,3,shell,0,1,0,0,0,0,1
4Ps78sYa1eXT0.jpg,3,nail,0,1,0,0,0,0,1
4R1v5byxY0r3L.jpg,100,poppy,0,1,0,1,0,0,1
4RINWF6F3Cb5T.jpg,3,person,0,1,0,1,0,0,0
4ShaIs18K3A2h.jpg,100,tulip,0,1,1,0,0,0,0
4TBHifhmVF890.jpg,50,candy,0,1,0,0,0,0,0
4UHd0wA3KDvpw.jpg,55,cobblestone,1,0,0,0,0,0,0
4VhB0vQkAC2Oh.jpg,4,airplane,0,1,0,0,0,0,1
4WFRmPPFTIXdx.jpg,50,tulip,0,1,0,1,0,0,1
4dLLNdOI4MlIt.jpg,14,light,0,1,0,0,0,0,0
4hYCCbq2qAor1.jpg,3,dog,0,1,0,0,0,0,0
4iKKwPv2EIsxH.jpg,5,cookie,0,1,0,0,0,0,1
4iZgXTCAhzToD.jpg,4,bug,0,0,0,0,0,0,1
4ilVeyRhU8APj.jpg,9,key,0,1,0,0,0,0,1
4kqZt2wkd9oih.jpg,6,can,0,1,0,0,0,0,1
4lOKViKonrtRD.jpg,18,person,0,1,0,1,0,0,1
4m4Xi8SzjjC7L.jpg,13,person,1,1,0,0,0,0,0
4nTZC2igvePAg.jpg,18,toy squirrel,0,1,0,1,0,0,1
4naKFt9eIKswd.jpg,10,grape,0,1,0,0,0,0,0
4nimSQQWjwV7T.jpg,17,dog,0,1,0,1,1,0,1
4oooFiqUTZ6fg.jpg,60,apple,0,1,0,0,0,0,1
4q4YhNX12F7k4.jpg,18,shape,0,1,0,0,0,0,0
4rRuHh8VX93zg.jpg,11,pencil,1,0,0,0,0,1,0
4rTiqRFZ9BvWy.jpg,4,zucchini,0,1,0,0,1,0,1
4vAEJy74sCDTY.jpg,3,ice cream,0,1,0,1,0,0,1
4vJJlIVoQGGa2.jpg,23,bottle cap,0,1,0,0,0,0,0
4vbUeCIiuleEz.jpg,9,grape,0,1,0,0,0,0,0
4vexRKUt6K6iY.jpg,9,poppy,0,1,1,0,0,0,0
4xWEZjSMUbywu.jpg,19,bow,0,1,0,0,0,0,1
4z3TRsuLg6CcS.jpg,6,tart,0,1,0,0,0,0,1
50b8YlHCVDycu.jpg,8,window,0,1,0,0,0,0,1
520TSAWDB4V0r.jpg,24,tile,0,1,0,0,0,0,1
520slNfxZ99OE.jpg,100,tulip,0,1,0,0,0,0,1
53SignQrDF337.jpg,24,crate,0,1,0,0,0,0,1
555nm311cL7xH.jpg,100,poppy,0,1,0,1,1,0,0
5597XMAy87YtF.jpg,6,book,0,1,0,0,0,0,1
56DgWcGU2VhkC.jpg,21,flower,0,1,0,1,1,0,0
58BYPdKxRJo1R.jpg,10,table,0,1,0,0,0,0,0
59CTAGn2h5ZaW.jpg,36,tulip,0,1,0,1,1,0,1
5A3r8od0L05FW.jpg,23,toast,0,1,0,0,0,0,0
5AGo2IDadm5CD.jpg,9,keychain,0,1,0,0,0,0,0
5EQuOs0xd2wNE.jpg,100,poppy,0,1,0,0,0,0,0
5GYiJWdRIwylm.jpg,15,toast,1,0,0,0,0,0,0
5GdRcwkKGDEQF.jpg,8,pencil,1,0,0,0,0,0,0
5HK3G9eRIE2kp.jpg,3,bird,0,1,0,1,1,0,0
5HRcXcXkZRaWn.jpg,30,pigeon,0,0,0,1,0,1,0
5J2a1CaBJK3SH.jpg,15,tulip,0,1,1,0,0,0,0
5LVTDUObrPJHF.jpg,100,penguin,0,1,0,0,1,0,0
5LyTBZCRCTaE9.jpg,13,umbrella,1,0,0,1,0,0,0
5N7oCDpVDDGuP.jpg,5,doughnut,0,1,0,1,0,0,1
5NRxm1qjKz434.jpg,20,fish,0,1,0,0,1,0,0
5UNVB8nWlERYL.jpg,5,parrot,0,1,1,1,1,0,1
5UnvP4HrnPiKI.jpg,8,orange,0,1,0,0,0,0,0
5XAJOzQJiQVOL.jpg,3,swan,0,1,0,0,0,0,0
5YIXbQrgQ83ie.jpg,5,chair,0,1,0,0,0,0,0
5aLwPjgXRYX88.jpg,3,candy,0,1,0,0,0,0,1
5d27GOwifwmZv.jpg,100,cashew,0,0,0,1,1,0,1
5jJB6MrEG2n4Z.jpg,50,candy,0,1,0,0,0,0,0
5lyGJ6nTEyhRc.jpg,3,dough,0,0,0,1,0,0,1
5n0hGthoEDBjB.jpg,8,apple,0,1,0,0,0,0,1
5oRSVWhjxcvv9.jpg,21,tile,1,0,0,0,0,0,0
5ppSO2blTuZ5Y.jpg,8,person,1,0,0,0,0,0,0
5tBwpDmy6NsbH.jpg,100,bottle,0,1,0,1,0,0,1
5tNi2gmbZiZwa.jpg,3,drink,0,1,0,0,0,0,0
5vEPz6jdjA93Z.jpg,27,window,0,0,0,0,0,0,1
5waWshUJAcMaZ.jpg,6,swan,0,1,0,0,0,0,1
5xFD4LkEaWpm6.jpg,9,leaf,0,1,0,0,0,0,1
5yI1JybKlSpKz.jpg,25,flower,0,1,0,0,0,0,0
60U6NgldjXcC6.jpg,4,pepper,1,1,0,0,0,0,0
637REozSH71tB.jpg,2,sofa,0,1,0,1,0,0,0
63CTgT2XjGF6u.jpg,4,dog,0,1,0,1,1,0,1
63NthzgiRdAna.jpg,8,tulip,1,0,0,0,0,0,0
654BjuxPCnDTO.jpg,33,toy house,0,1,0,0,1,0,0
65MamF27wVLkC.jpg,100,flower,0,1,0,1,0,0,0
65zNuGVCXKeRX.jpg,30,leaf,0,1,0,1,0,0,0
66EJSqvbwBBHw.jpg,6,cupcake,0,1,0,0,0,0,1
67ppQx2gN3pL1.jpg,12,ball,0,1,0,0,0,0,1
691BWQJHPQj0D.jpg,22,umbrella,0,1,0,0,0,1,0
6ByQltUl7NSAE.jpg,12,egg,0,1,0,0,0,0,1
6CcSyKAAEeBpN.jpg,53,text,0,0,0,0,0,1,0
6ECxDmEohFF0u.jpg,100,seat,0,1,0,0,0,0,0
6EN5eeztsLshQ.jpg,5,duck,0,1,0,0,0,0,1
6FUomND9JmkQS.jpg,15,apple,0,1,0,0,0,0,0
6GIWG5A9EanpF.jpg,2,horse,0,1,0,0,0,0,1
6H7usbnHzsoen.jpg,20,rose,0,1,1,0,0,0,1
6J4Jd2sstFly4.jpg,33,tulip,0,1,0,1,0,0,1
6Jd0N2zTdsJ5F.jpg,3,seagull,0,0,0,1,0,1,0
6Mc6CO9nhvZBz.jpg,29,object,0,1,1,0,0,0,0
6OVzKFAuim0ga.jpg,50,zebra,0,1,0,1,1,0,1
6RSImiyuKqk19.jpg,26,bird,0,1,0,0,0,0,1
6VUJ0DHDxKoup.jpg,3,ice cream,0,1,0,1,0,0,1
6XB8KZwQZIMVa.jpg,50,zebra,0,1,0,1,0,0,1
6ZeyTGKwogdMd.jpg,13,duck,0,1,0,0,1,0,1
6Zt9ipPwLYIKO.jpg,20,window,0,1,0,1,0,0,0
6c4rMcABDuGo7.jpg,50,concrete block,0,1,0,0,0,0,0
6dWYsjyVtQ4C2.jpg,5,pendant,0,1,0,0,0,0,1
6h7UKCRhdLXz5.jpg,4,can,0,0,0,0,0,0,1
6j4mXk8q8scJC.jpg,3,toy duck,0,1,0,0,0,0,1
6kSb86Ed6AI57.jpg,9,tulip,0,1,0,0,0,0,1
6lCeYzePudlVa.jpg,23,bread,0,1,0,0,0,0,0
6lY2hWN0BgsHL.jpg,12,goose,0,1,0,1,1,0,1
6lfIw1H5UYATF.jpg,24,trailer,0,1,0,0,0,0,1
6nL5MoZkpK9xf.jpg,2,nail,0,1,0,0,0,0,1
6ow7hKCXvRSxB.jpg,3,rose,0,1,0,0,0,0,0
6qHOYSlNJhu5c.jpg,41,lego,0,0,0,0,0,0,1
6r0OpiJARoZT7.jpg,2,flower,0,1,0,0,0,0,1
6tjpnhjuVdVrY.jpg,11,chair,0,1,0,0,0,0,0
6v12Gfl6qI728.jpg,100,fly,0,1,0,1,1,0,0
6wj9CxsGVKGLB.jpg,23,crate,0,1,0,0,1,0,1
6wrsLPTbxtW2U.jpg,22,candy,0,1,0,0,0,0,1
6ww6KHWNp84Gn.jpg,19,pepper,0,1,0,0,0,0,0
6xobpWfZrTDFd.jpg,3,bottle,0,1,0,1,0,0,1
6zNfsKGWEkeAX.jpg,5,duck,0,0,0,1,0,0,1
70B8t3XXClaEp.jpg,22,umbrella,0,1,0,0,0,0,0
72d1BRwzm6VWe.jpg,4,spring roll,0,0,0,1,0,1,0
79fhSMqSFWR1f.jpg,6,flower,0,1,0,0,0,0,0
7CDIWBzmlyfzt.jpg,24,pencil,1,0,0,1,0,0,0
7DD09eTQlzfbD.jpg,13,pumpkin,0,1,0,0,0,0,1
7FLIZKAcGwLiK.jpg,63,shape,0,1,0,0,0,0,1
7GDvceeaqGa3q.jpg,19,poppy,0,1,1,1,1,0,1
7H2b9vQWnaRCp.jpg,27,tulip,0,1,0,0,0,0,1
7JXlO3yvwi4xt.jpg,5,seagull,1,0,0,1,0,0,0
7Jt8TOHxXgsSw.jpg,4,flower,0,1,0,0,0,0,0
7PssuFKjansJD.jpg,50,leaf,0,1,1,0,0,0,1
7QEytTVzUueY8.jpg,12,manneken,0,1,0,1,0,0,1
7Rlz2fAZAnjhR.jpg,5,dice,0,1,0,0,0,0,1
7RwuawsV0NHHr.jpg,100,tulip,0,1,0,0,0,0,1
7S9BaR2pGUdEW.jpg,41,window,0,1,0,0,0,0,1
7SxhHXaUqr75T.jpg,3,t-shirt,0,1,0,0,0,0,1
7TdN1iS3lQ2GK.jpg,15,cartoon,0,0,0,1,0,0,0
7U2biyK1TRJCH.jpg,20,rose,0,1,1,0,0,0,0
7Vhuvcq1t4ysH.jpg,60,stone,0,1,0,0,0,0,1
7XibTrWMZHI7P.jpg,5,tuning peg,0,0,0,1,0,0,0
7cZrI2Y2mnSC2.jpg,8,hippo,0,1,0,0,0,0,0
7drR2wrm2e33n.jpg,18,egg,0,1,0,0,1,0,1
7edfggEQDW1f2.jpg,20,flower,0,1,0,0,0,0,0
7ejJj5cyVerwF.jpg,2,duck,1,1,0,0,0,0,1
7fyPiCeTGrp8w.jpg,29,tulip,0,1,0,0,0,0,1
7iuxEKowAUlWV.jpg,22,rose,0,1,0,0,0,0,1
7ksU9DlB95zLI.jpg,3,dog,0,1,0,1,0,0,1
7pADUU0C5F9h9.jpg,6,light,0,1,0,0,0,0,0
7pOIjdvUPYlSB.jpg,179,egg,0,1,0,0,0,0,1
7pmmtR7UaJ5MC.jpg,100,flower,0,1,0,0,0,0,0
7qbLmzdp3wZmH.jpg,9,garage door,0,1,0,0,0,0,0
7rzH7UQxFeCUk.jpg,7,narcissus,0,1,0,0,0,0,0
7veseDMQloqXv.jpg,3,rubber glove,0,0,1,1,0,0,0
7wr4GEh73fXq3.jpg,4,carrot,0,0,0,1,1,1,0
7x2n5BYkRmiau.jpg,50,pumpkin,0,1,0,0,0,0,0
7y5QuXDzy9l60.jpg,3,cat,0,1,0,0,0,0,1
82YHIZTE8m1C4.jpg,10,egg,0,1,0,0,0,0,0
84awl3wB5bQur.jpg,100,stone,0,1,0,1,0,0,0
881EZ8kDrzjQF.jpg,100,tulip,0,1,0,0,0,0,1
893wPqDKcDt8B.jpg,10,sheep,0,1,0,0,0,0,0
89lNQHCExh0jJ.jpg,50,tulip,0,1,0,0,0,0,0
89pMrlWn1N1a6.jpg,11,kangaroo,0,1,0,0,0,0,0
8A8I0Xt6QxidQ.jpg,8,tile,0,1,0,0,0,0,1
8AdHkSTffrTGz.jpg,5,cart,0,1,0,0,0,0,0
8DtiNk1lCzJNZ.jpg,100,tree,0,1,0,0,0,0,0
8IPH7aTYps3MT.jpg,33,onion,0,1,0,0,1,0,0
8Ifu2Gxph3MOl.jpg,50,swan,0,1,0,1,1,0,1
8N5UPRqIfgbqe.jpg,20,duck,0,1,0,0,0,0,1
8O6radNVPQ8am.jpg,9,pastry,0,0,0,1,0,0,1
8PxycDq3VxTzq.jpg,14,egg,0,1,0,1,1,0,1
8S5n5m2neSYWp.jpg,29,flower,0,1,0,0,0,0,0
8SU37iXbXgnY1.jpg,71,penguin,1,0,0,1,0,0,0
8T5IKWtCKyefj.jpg,11,sheep,0,1,0,0,0,0,0
8ThYuzt5hnt0M.jpg,8,flamingo,0,1,0,0,1,1,0
8YCote4O0BNat.jpg,2,passport,0,1,0,0,0,0,1
8bYxstndBfdig.jpg,31,tomato,0,1,0,0,0,0,0
8dqovZnwwmXOE.jpg,8,pepper,0,1,0,0,0,0,0
8eLVHteRAPCMl.jpg,3,sheep,0,1,0,0,0,0,1
8gi6t6GQJnwh0.jpg,16,pot,0,1,0,0,0,0,0
8hfcnHEgSyxPu.jpg,5,switch,0,1,0,0,0,0,1
8m6XMZ8SczsAF.jpg,11,object,0,1,0,0,0,0,0
8n07iAtAWGKSO.jpg,4,cat,0,1,0,0,0,1,1
8nENVYwPIzZTf.jpg,25,pepper,0,1,0,1,1,0,0
8pdIFsCrr8l2L.jpg,50,person,1,0,0,1,0,0,1
8qzza3V3T1keB.jpg,3,toy,0,1,0,0,1,0,1
8xFi7beMfOgPt.jpg,3,chicken,0,1,0,1,1,0,1
910wbQoqmGjcj.jpg,3,cabbage,0,1,0,1,0,0,1
93B4tJuDXDIoO.jpg,100,shape,0,0,0,0,0,0,1
95xXV8MduqfDQ.jpg,20,window,0,0,0,0,0,0,1
96ClxJHVKxxLA.jpg,9,toy sheep,0,1,0,0,0,0,0
97fR2n5hJf64C.jpg,3,drink,0,1,0,1,0,0,1
983fCGpvLeHla.jpg,6,pigeon,1,0,1,1,0,0,0
98srelEfR1quJ.jpg,4,urinal,0,0,0,1,1,0,0
99H9LaBHli6cF.jpg,5,drink,0,1,0,0,0,0,0
9ArkTUwRwOaGj.jpg,17,person,0,1,0,0,0,0,0
9DrMMouFVKrhC.jpg,7,cookie,0,1,0,0,0,1,1
9HWBwflGW3tbd.jpg,6,box,0,1,0,0,1,0,0
9KSE3BO3rRlQu.jpg,16,sheep,0,1,0,0,1,0,1
9MorOUa7xF9bP.jpg,3,llama,0,1,0,0,0,0,0
9MsdbK0DYRxxy.jpg,17,cross,0,1,0,0,0,0,0
9NYAv12inUqia.jpg,100,person,0,1,0,1,0,0,0
9O3ja3kORpmS4.jpg,4,dog,0,1,0,1,1,0,1
9QUnjisa0NzcW.jpg,6,lego,0,0,0,1,0,0,1
9QuEROvnPMibK.jpg,60,doughnut,0,1,0,0,0,0,0
9RbmjCAVzIv3u.jpg,4,sheep,0,1,0,0,0,0,0
9RfUHbKbpBZLV.jpg,3,candle holder,0,1,0,1,1,0,1
9RgRrWGMupFzY.jpg,5,drink,0,1,0,0,0,0,0
9TBFJbb48sQUy.jpg,8,raddish,0,1,0,1,1,0,0
9YtRSQ8FTXyzy.jpg,9,book,0,1,0,0,0,0,0
9akhfDFjXC5ze.jpg,100,pepper,0,1,0,0,0,0,0
9bv62p3PW1DOH.jpg,5,candy,1,0,0,0,0,0,0
9cQplxl17Cy41.jpg,16,narcissus,0,1,0,0,0,0,0
9eEmiEIBH6VGO.jpg,4,egg,0,0,0,0,1,0,1
9gkZYHSjcWT2d.jpg,100,pepper,0,1,0,0,0,0,0
9hBkHJtwStJnR.jpg,13,flower,0,1,0,0,0,0,0
9jeIHK2oErwq0.jpg,50,leaf,0,1,0,0,0,0,0
9mFhYGMnMUyO0.jpg,50,pepper,0,1,0,1,1,0,1
9ogjXQi7ZgSiD.jpg,4,parrot,1,0,0,0,0,0,0
9rCbkU5rMSl9j.jpg,107,airplane,1,0,0,0,0,0,0
9vEQaoIn4oRib.jpg,50,sheep,0,1,0,0,0,0,0
9vq4OEP38uiRm.jpg,14,locker,0,1,0,0,0,0,1
9wWTm3syRmAJW.jpg,14,candy,0,1,0,1,1,0,1
9wbmtv9h8fdaU.jpg,100,strawberry,0,1,0,1,1,0,0
9wsxBv2ZVEBfo.jpg,12,tile,0,1,0,0,0,0,0
9yFKkfM8ncro8.jpg,9,glue bottle,1,0,0,1,0,0,0
9zRjvuoWSNhF9.jpg,5,sheep,0,1,0,0,0,0,1
A09auaYVp3H0n.jpg,4,lipstick,0,1,0,0,0,0,1
A2NuJ6KqavcAh.jpg,6,pigeon,0,1,0,0,0,0,1
A3BkdIBV4HpNV.jpg,100,tomato,0,1,0,0,0,0,0
A7Vl1iTKYfy3m.jpg,3,dog,0,1,0,0,0,1,1
A8BaKVWI8uUFu.jpg,11,candy,0,1,0,0,0,0,1
A8YD7xBZpUdam.jpg,11,pencil,0,1,0,0,0,0,1
ACQZAKG1lTxJU.jpg,29,tulip,0,1,0,0,1,0,0
AE8AYPBfEAY0p.jpg,14,bunny,0,1,0,0,0,0,1
AEMl5tFoN3xWX.jpg,3,urinal,0,0,0,0,0,1,0
AFjbYgQkDj086.jpg,14,flower,0,1,0,1,0,0,1
AFo791bmL8nWH.jpg,89,ghost,0,1,0,1,0,0,0
AK2LDdeZhQ4D7.jpg,5,duck,1,1,0,0,0,0,1
AO1OmS8POYoON.jpg,5,cupcake,0,1,0,0,0,0,1
AP0kOAzxL8sUb.jpg,14,figurine,0,1,0,1,0,0,1
APdrRJsAzOi3F.jpg,11,object,0,1,0,0,0,0,1
ASM3tkA1I3Lcf.jpg,71,cookie,0,1,0,0,0,0,1
ATTsSqsoGh3z1.jpg,5,tree,0,0,0,0,1,0,0
ATqOV59WTxTBi.jpg,15,cow,0,1,0,0,0,0,0
AU8HR8SSOJAMD.jpg,25,match,0,1,0,0,0,0,1
AUsC7cKHFsZfM.jpg,12,raspberry,0,1,1,0,1,0,0
AWtkchgRMk8SZ.jpg,32,candy,0,1,0,0,0,0,0
AY3PnvLqyuykL.jpg,26,dandelion,0,1,0,1,0,0,1
AYu4Ag3Pj0D8a.jpg,12,crow,0,1,0,0,0,0,1
Aan5uoG4HVEFN.jpg,8,egg,0,0,0,0,1,0,0
AiKstnXUoHk9l.jpg,8,chair,0,1,0,0,0,0,0
AjCZvxCS8Epqv.jpg,50,tulip,0,1,0,0,0,0,1
Ajq5vke3EQyRu.jpg,6,lemon,0,1,0,1,1,0,0
AlIx6hQaMgh2z.jpg,100,candy,0,1,0,0,0,0,0
An4k2eppqgUfd.jpg,100,tulip,0,1,0,1,0,0,0
AocFXjSr35XyL.jpg,2,bird,0,1,1,0,0,0,1
Ap4q5bCEZpHDO.jpg,4,duck,0,1,0,0,0,0,1
Api5U8n4IHlfa.jpg,13,pomegranate,0,1,0,1,0,0,0
ArBqQ5eDCsrnw.jpg,50,tulip,0,1,0,1,0,0,0
ArXEfzeZg82hb.jpg,3,banana,0,1,0,0,1,0,0
AtGTkBv20YK3Q.jpg,4,banjo,0,1,0,1,0,0,1
Ay4ZWIm8OZkJE.jpg,4,panda,0,1,0,0,0,0,0
B0OC7bX2vXi2v.jpg,3,nail,0,1,0,0,0,0,0
B0xIbzv4jwrUX.jpg,3,nail,0,1,0,0,0,0,1
B1acUMQb1Ffff.jpg,3,sheep,0,1,0,0,0,0,1
B1axucNzFTeMa.jpg,5,bottle cap,0,1,0,0,0,0,1
B3MmypzDFrWf4.jpg,4,duck,0,1,0,0,0,0,1
B42H8VGJBaBX1.jpg,12,sunglasses,0,1,1,1,0,0,1
B5VHDNk2BoNsP.jpg,7,caterpillar,1,0,0,0,0,1,0
B8XnYKhlW131m.jpg,23,line,0,0,0,0,0,1,0
BAWduVwSmAP9T.jpg,29,egg,0,1,0,0,0,0,1
BBpEiKyD2tiIR.jpg,33,window,0,1,1,0,0,0,1
BCzf8je9ziTr1.jpg,3,apple,0,1,0,1,0,0,1
BDpTbhMr6VWjU.jpg,7,ice cream,1,0,0,0,0,0,0
BFpVmAuxCfL72.jpg,5,dog,0,1,0,0,0,0,0
BFzbfVlRRC5Js.jpg,12,egg,0,1,0,0,0,0,0
BJionGB9ArK7b.jpg,22,strawberry,0,1,0,1,1,0,1
BL2Hiyx5407ES.jpg,6,scissors,0,1,0,0,0,0,0
BLJB8fNEQ2SRj.jpg,32,heart,0,1,0,0,0,0,0
BM0Y2aXZPiWm4.jpg,8,chess figure,0,1,1,0,0,0,0
BOtgSxNgRndF5.jpg,6,fruit slice,0,1,0,0,0,0,0
BPNVgBv0GQMzt.jpg,100,window,1,1,0,0,0,0,0
BSc0UaQtmUGZC.jpg,100,cylinder,0,1,0,0,0,0,0
BTrs6QmOrYrYN.jpg,50,pepper,0,1,0,0,0,0,0
BU3mweCCRJs5a.jpg,100,fish,1,0,1,0,0,0,0
BXanzG05c3WHS.jpg,50,leaf,0,1,0,0,0,0,1
BYYyHDj39fEar.jpg,27,robot,1,1,0,0,0,0,0
BZG1yLKOEcbzR.jpg,50,wheat,0,1,0,0,0,0,0
BZVnVZqOj7EzL.jpg,10,cow,0,1,0,0,0,0,0
BdZ7Uv68Fo65L.jpg,11,orange,0,1,0,0,0,0,1
BeQijFS6AZYNe.jpg,25,pod,0,1,0,0,0,0,0
BevlMiSmrmL7a.jpg,13,flower,0,1,0,1,1,0,0
BhZZRkVH0lGJO.jpg,50,tile,0,1,0,0,0,0,0
BiQ1CdXCvZRYQ.jpg,4,light,0,1,0,0,0,0,0
BicDuH5v2Safo.jpg,11,tart,0,0,0,1,0,0,1
BkmSJnWbXnau2.jpg,10,dandelion,0,1,0,1,1,0,1
BmXdmAzfYQaM1.jpg,8,wooden block,0,0,0,1,0,0,1
Boaay1CnqMSGc.jpg,66,window,0,1,0,0,0,0,1
BqLdCP3k4MBDE.jpg,4,tile,0,1,0,0,0,0,1
BqY6V4EcE5oLB.jpg,3,narcussus,0,1,1,0,0,0,0
BsR6CiewiKgfG.jpg,6,cookie,1,0,0,0,0,0,0
Bu8iVU01Ozc42.jpg,11,fish,0,1,0,0,0,0,0
BuVXWjMSU80hI.jpg,29,package,1,0,0,0,0,0,0
BuYG1XSyaUrFG.jpg,24,pot,0,1,0,0,0,0,0
BvQUh22LC17rS.jpg,10,light,0,1,0,0,0,0,1
BwdurTn4bWt7i.jpg,28,stud,0,1,0,0,0,0,0
BypepvKAm8H3w.jpg,24,stamp,0,1,0,0,0,0,0
Bypvd2FjeB6CR.jpg,50,tulip,0,1,0,0,0,0,1
C3ZRAFJKI6VmN.jpg,100,flower,0,1,0,0,0,0,1
C4kfsNTXa2Irj.jpg,11,egg,0,0,0,1,0,0,0
C5Qx7034hqGus.jpg,12,flower,0,1,1,0,0,0,0
C79aD6hTCOaoG.jpg,11,egg,0,1,0,0,0,0,0
C8pBgv7NfHuCh.jpg,100,leaf,0,1,0,1,1,0,0
CAex8a2tZD7IV.jpg,6,dog,0,0,0,1,1,0,1
CFQwxbH1MUPxY.jpg,11,umbrella,0,0,0,1,0,0,0
CFgVMQW2QG95D.jpg,11,tulip,0,1,0,0,0,0,1
CGg3KargxveE8.jpg,4,glass cup,0,0,0,1,1,0,1
CH4bEcCvAyFGb.jpg,71,can,0,0,0,0,0,0,1
CHAA8VnwnUxR7.jpg,11,tree,0,0,0,0,1,0,0
CJ4HRTAh4mjMx.jpg,149,circle,0,1,0,0,0,0,1
CL7txXajtkVja.jpg,17,watermelon,0,1,0,0,0,0,0
CMdYAnC5QlLvh.jpg,11,window,1,0,0,0,0,0,0
CR1x0aamThiZu.jpg,4,pencil,0,1,0,1,0,0,0
CVB8wr67kyVha.jpg,100,flower,0,1,1,0,0,0,0
CVSNFshRXMHf5.jpg,100,sunflower,1,1,0,1,0,0,0
CVv1yLuGaIfN2.jpg,15,tulip,0,1,1,0,0,0,0
CYDLo04vrizt8.jpg,3,food,0,1,0,1,0,0,1
CaskeThJX8zyj.jpg,7,light,0,1,0,0,0,0,1
CatItWeOM6IQZ.jpg,12,pastry,0,1,0,1,0,0,1
Cb8tmWbwpLYlx.jpg,100,flower,0,1,0,0,0,0,0
Cd8T1TQkckcwQ.jpg,9,booklet,0,0,0,0,1,0,1
CeDjBYK8JyTYh.jpg,8,pigeon,0,1,0,0,0,0,1
Cea7JeJDhd70t.jpg,3,stork,0,1,0,1,0,0,0
CetzsikhIKi87.jpg,17,candy,0,1,0,0,0,0,0
CiBdMaWC4TLR0.jpg,100,flower,0,1,0,1,0,0,1
Clxb66A25B3zW.jpg,3,fish,1,0,0,0,0,1,0
Cm0iAIxelPE8D.jpg,3,owl,0,1,0,0,1,0,1
CoH7u3iQPM9mJ.jpg,2,glass,0,0,0,0,1,0,1
CsCTF42OUEvKh.jpg,4,light,0,0,0,1,0,0,0
CthleWkGH7Ce8.jpg,17,light,0,0,0,0,1,0,1
Cva4ZREmyUlAq.jpg,3,nail,0,1,0,0,0,0,1
CwRrnF741SRwO.jpg,7,flower,0,1,0,0,0,0,0
Cxga5dcYiJvvk.jpg,4,plane tail,0,1,0,0,0,0,0
CyBE9CFq389Ta.jpg,16,apple,0,1,0,0,0,0,0
CyOC5uXzVPRo2.jpg,15,candy,0,0,0,1,0,1,0
CzBQiNFM3cE3h.jpg,50,grape,0,1,0,0,0,0,0
Czlli43z8F4nu.jpg,22,can,0,0,0,0,0,1,0
D0v9OF0iV7b6x.jpg,6,egg,0,1,0,0,0,0,0
D4kbrhplpU4dt.jpg,2,duck,0,1,0,0,0,0,1
D5lzV2aCe4CvG.jpg,100,flower,0,1,0,0,0,0,0
D62DzyMAKe3mY.jpg,5,pigeon,0,1,0,0,0,0,1
D6BUFm7IIDG5n.jpg,3,cow,0,1,0,0,0,0,0
D7a2i1NcP337t.jpg,6,tomato,0,1,0,0,0,0,0
DEO8gj9Bc590j.jpg,17,bird,0,1,0,1,0,0,1
DEpSjs5qiA9xs.jpg,50,pasta,0,1,0,1,0,0,1
DLWLMRXMaOyl8.jpg,3,sunglasses,0,1,0,1,0,0,0
DPlfDLuip8jeR.jpg,27,lime,0,1,0,0,1,0,0
DPwNg4J5dmWFR.jpg,5,banana,0,1,0,0,0,0,0
DQOv1v47K2Nqg.jpg,4,candy,1,0,0,0,0,0,0
DRVUKEph7qs1L.jpg,3,meter,0,1,0,0,0,0,0
DSWMBcRiRbYP9.jpg,24,chair,0,1,0,0,0,0,0
DTCah8hWOcEIv.jpg,23,banana,0,1,0,0,0,0,0
DUKl1sUyXzO9N.jpg,7,baloon,0,1,0,0,0,0,0
DVhfercSVyQ4u.jpg,100,pasta,0,0,0,1,0,0,1
DWF8HKx0BAtiN.jpg,48,tile,0,1,0,0,0,0,1
DZ3gWpPEatYRb.jpg,3,bottle,0,1,0,0,0,0,0
DZfKYVg9VTd8V.jpg,3,light,0,1,0,0,0,0,0
Df3gmWSktalVs.jpg,43,brick,0,1,0,0,0,0,0
DjvYa85cEyiiy.jpg,3,nail,0,1,0,0,0,0,0
DlKgxrFork85x.jpg,50,leaf,0,1,0,0,0,0,0
DnNmfTt6b1mvo.jpg,50,flower,0,1,1,1,0,0,0
Dnk2gWD8GWpcn.jpg,30,pepper,0,1,0,0,0,0,0
Dpwf4e7OR8Rfy.jpg,100,window,0,1,0,0,1,0,0
Du9xkMDENKKn5.jpg,3,cookie,0,0,0,0,0,0,1
Dwl4ZwxvqkmwL.jpg,15,tile,0,1,0,0,0,0,1
E0nrHSDPsP3aE.jpg,30,candy,0,1,0,0,0,0,0
E18CdHFIDFGj6.jpg,13,tomato,0,1,0,0,0,0,0
E1PR69x1bgpFL.jpg,13,banana,0,1,0,0,0,0,0
E1gVkEHYVovgD.jpg,13,raspberry,0,1,0,1,0,0,1
E1kxD2HrpReI7.jpg,8,lemon,0,1,0,1,0,0,1
E1lofTxKxeczg.jpg,4,stamen,0,1,0,0,0,0,0
E4SPyvRzjSezr.jpg,3,dog,0,1,0,1,1,0,1
E4YBqaEQsdjaY.jpg,60,swan,0,1,0,1,1,0,1
E5PxI25sLmjKM.jpg,35,fish,0,1,0,1,0,0,1
E6Bn1PVgf6iPS.jpg,50,nail,0,1,1,0,0,0,0
E77kP6vVhzN0E.jpg,50,cookie,0,1,0,0,0,0,0
E98NSNS7vEukS.jpg,4,flower,0,1,0,0,1,0,0
EANq5Ml4ZaolJ.jpg,23,pastry,0,1,0,0,0,0,0
EBcfGn8n8cezJ.jpg,5,pepper,0,1,0,0,0,0,0
EC5Uusy7Ksm7c.jpg,3,person,0,0,0,1,0,0,1
EH2iRJmauZDBk.jpg,7,window,0,1,0,0,0,0,1
EKQDD6ssvOLdJ.jpg,17,tulip,0,1,0,0,0,0,1
EQO5bIk2vgj1w.jpg,3,nail,0,1,0,0,0,0,0
ERkQLKZR1B5hy.jpg,50,candy,0,1,0,0,0,0,0
ES9zYY99uag7J.jpg,12,seagull,1,0,0,0,0,0,0
EVHmOxeyazr49.jpg,15,sheep,0,1,0,0,0,0,0
EVm6qLj7BZVPu.jpg,2,bird,0,1,0,0,0,0,0
EYNY7lrjZ3ERm.jpg,50,tulip,0,1,0,0,0,0,0
EZsx2dqrlhWdk.jpg,100,fish,0,1,0,1,1,0,1
EbkLRnRbe9i7a.jpg,3,chair,0,0,0,1,0,0,0
EfUil9hyuKLC1.jpg,30,chips,0,1,0,0,0,0,0
EhKxI2Of5oGfG.jpg,3,tile,0,0,0,1,0,0,0
Ein1xGxM3D5xo.jpg,40,toilet,0,1,0,0,0,0,0
EmUKf8WgtfMmr.jpg,3,nail,0,1,0,0,0,0,0
Ep41ouN5B3Rru.jpg,3,nail,0,0,0,0,1,0,0
ErzhbyNaimA9Y.jpg,50,nut,0,1,0,1,1,0,1
EtJy5tndOqvUj.jpg,48,grape,0,1,0,0,0,0,0
EtUBwR8TeInkm.jpg,60,corn,0,1,0,1,0,0,0
Euj4BmQmQPd1P.jpg,4,watermelon,0,1,0,0,0,0,0
Ev2BubT7qAt2r.jpg,47,leaf,0,1,0,0,1,0,0
Ew2XY4r4D938N.jpg,64,tile,0,1,0,0,0,0,1
ExEZ0yMeEvglY.jpg,13,scissors,0,1,0,0,0,0,0
ExVPdMhrSI82x.jpg,18,blackberry,0,1,0,0,0,0,0
EyJruT5GPY7hY.jpg,2,cup,0,1,0,0,1,0,0
EzjtgYmmz2uwc.jpg,5,urinal,0,0,0,1,1,0,0
EznRP6lF3iT2n.jpg,6,bicycle,0,1,0,0,0,0,1
F07P2KPvefBQD.jpg,4,cookie,0,1,0,0,0,0,0
F20GC7KLXM4qa.jpg,11,box,1,0,0,0,0,0,0
F20MTBUvyslcP.jpg,15,fish,0,1,0,0,0,0,0
F7sI6NUWpu8d7.jpg,7,bullet,0,0,0,1,0,0,1
F8NfJKxsUZWN9.jpg,5,meerkat,0,0,0,1,0,0,1
F9ZTlf2Q2Rc4L.jpg,3,leaf,1,1,0,0,0,0,0
FDH5Hms2q0vEG.jpg,43,key,0,1,0,0,0,0,0
FFtTIyR0J6eDq.jpg,11,cake,0,0,0,1,0,0,1
FH3TGNtdVQTtV.jpg,28,pea,0,1,0,0,0,0,0
FIbWWASrc359Z.jpg,3,nail,0,1,0,0,0,0,1
FJhl1jpSHQZUd.jpg,7,apple,0,1,0,0,0,0,1
FKDXW03FBGPql.jpg,2,can,0,1,0,0,0,0,1
FQkJHW3HRyvW2.jpg,7,stair step,0,1,0,0,0,0,0
FXMRwS3FkttH9.jpg,3,yolk,0,0,0,1,1,0,0
FZpLEk8HU9lKd.jpg,4,lemon,0,1,0,1,0,0,0
FZzdssEUBQ48m.jpg,6,bird,0,1,0,0,1,0,0
FgOkcQojjiBi3.jpg,3,drink,0,0,0,1,0,0,1
FjbsidyIz57Gs.jpg,40,pen,0,1,0,0,0,0,0
Fnlx2BAFOuI3Y.jpg,4,house,0,1,0,0,0,0,0
FotvAh2ZHmNaF.jpg,5,cat,0,1,0,0,0,0,1
Fq5zB6i85PobU.jpg,3,monkey,0,1,0,0,1,0,1
FsYqqLvMLE2Hp.jpg,54,grate,0,0,0,0,0,0,1
FspNOmPytjY9a.jpg,100,tulip,0,1,0,0,0,0,0
Fsxs7k8QIEdLu.jpg,16,pumpkin,0,1,0,0,0,0,0
FunJNylxhzSf4.jpg,43,apple,0,1,0,0,0,0,0
Fw4HO3kuRq0is.jpg,19,ball,0,0,0,0,0,0,1
FxAdP8elWIXAi.jpg,3,nail,0,1,0,0,0,0,0
G2qafTrFjexh4.jpg,2,leaf,0,1,0,0,0,0,0
G6qUigRjHatGD.jpg,40,flower,0,1,0,0,0,0,0
G7EaGYsd1WTfU.jpg,2,figurine,0,1,0,1,0,0,1
G8cdtJobxV3TS.jpg,31,bottle,0,1,0,0,0,1,1
GDY7C4PkiAbBZ.jpg,4,minion,0,1,0,1,0,0,1
GGdr0Z3IV0ROG.jpg,50,flower,0,1,0,1,0,0,0
GHIUwbcN87QjL.jpg,60,shoe,0,1,0,0,0,0,0
GHpCz9kcD0u6z.jpg,50,apple,0,1,0,0,0,0,0
GJlZ4WrQPWAYK.jpg,2,drink,0,1,0,0,0,0,0
GLo8MK2Uf8Ey9.jpg,13,flamingo,1,1,0,0,0,0,0
GMuXZN3fdbX0D.jpg,20,tulip,0,1,0,0,0,0,1
GQz7pIo5fljWj.jpg,50,egg,0,1,0,0,0,0,0
GRlvKws4zlEoh.jpg,48,tile,0,0,0,1,0,0,0
GT7AGAn3sxDs8.jpg,12,circle,0,1,0,0,0,0,0
GbDGIu56xmpGA.jpg,13,pod,0,1,0,1,0,0,1
GcWlw0Xhs8nFz.jpg,40,watermelon,0,1,0,1,0,0,1
GeD1ConTfX5Us.jpg,100,flower,0,1,0,0,0,0,0
Geog6nj9WgSt0.jpg,8,toy,0,1,0,1,0,0,0
GeuW7HhrT6hIk.jpg,100,tulip,0,1,1,0,0,0,0
GiBaQuSnfTr3I.jpg,3,umbrella,0,1,0,0,0,0,1
GkpFU4lQhtgJ2.jpg,2,egg,0,0,0,1,1,0,0
Gmp5mRrhYymVJ.jpg,100,sunflower,0,1,0,1,1,0,1
GmupbUBDcGkw4.jpg,6,bicycle,0,1,0,1,0,0,1
GoJnO5mpgx3pw.jpg,9,apple,0,1,0,0,1,0,1
GovjouDXptO1L.jpg,50,corn,0,1,0,0,0,0,0
Gpohk8DkCqls2.jpg,40,pepper,0,1,0,0,0,0,0
GqxULe4F5J3zu.jpg,30,drill bit,0,1,0,0,1,0,0
GrG3L6jjwTSFI.jpg,15,fish,1,1,0,0,0,0,0
Gsn1hApptVLYh.jpg,63,tile,0,1,0,0,0,0,0
GssuGSb4eChXd.jpg,15,potato,0,1,0,0,1,0,0
Gt056qw6Cahlo.jpg,100,tulip,0,1,0,0,0,0,0
H0pnnBWyP0XXt.jpg,6,lemon,0,1,0,0,0,0,0
H1OguIg7qEjfT.jpg,100,window,0,1,0,0,0,0,0
H1byQwVIdqRJy.jpg,3,ball,0,1,0,0,0,0,0
H2WDEGFGEjttr.jpg,6,spring roll,0,0,0,0,1,0,0
H2wFVj6lPFpS0.jpg,21,brick,0,1,0,0,0,0,0
H4tOYUovJj3Xv.jpg,11,bottle,0,1,0,0,0,0,1
H6QrnOwsIslGi.jpg,20,narcissus,0,1,0,1,0,0,1
H78ExKB8UtePK.jpg,4,candy,0,1,0,1,1,0,0
H8BAMEXs9nkIV.jpg,7,bottle,0,0,0,0,0,0,1
H9BxlmiBRYT8M.jpg,27,candy,0,1,0,0,0,0,0
HCwPTPqXxY8IN.jpg,40,tulip,0,1,0,0,0,0,0
HEF6ABf47Q9Nl.jpg,4,lime,0,1,0,0,0,0,0
HL622ujc7alwX.jpg,3,dog,0,1,0,0,0,0,0
HLrTx53Ntblpw.jpg,4,person,0,0,0,1,0,1,0
HPDEB8YBlnGE0.jpg,7,seagull,1,0,0,0,0,0,0
HQ4hhSdPzpmCe.jpg,90,tile,0,1,0,0,0,0,1
HSP0oKg3tFkfY.jpg,11,narcissus,0,1,0,0,1,0,0
HTTBrdDI3pkgc.jpg,8,brussels sprout,0,0,0,1,0,0,1
HV1iRDggACIoS.jpg,30,stone,0,1,0,0,0,0,0
HVVdnH7kIDH4u.jpg,44,scupture,0,1,0,0,0,0,0
HVx2blXAs8efT.jpg,3,cork,0,1,0,0,0,0,0
Ha5BjLZUpTpK0.jpg,18,brain,0,1,0,0,0,1,0
HaV1fEmfMiB1Y.jpg,4,passport,0,1,0,0,0,0,1
HcbEAyxNF8aWr.jpg,15,berry,0,1,0,0,0,0,0
HcgS5cRpXJ9Qs.jpg,9,chair,1,1,0,0,0,0,0
HdUnYRs5C8wwz.jpg,18,flower,0,1,0,0,0,0,1
HhYge5FillEbq.jpg,35,shell,0,1,0,0,0,0,1
Hht31r552GzIS.jpg,14,orange,0,1,0,0,0,0,0
Hi3IqekTNQ2qZ.jpg,5,door handle,0,1,0,0,0,0,0
HjX9dIvny0Wbi.jpg,3,egg,0,1,0,0,0,0,0
Hl26XNqujoHHs.jpg,9,bicycle,1,0,0,0,0,0,0
Hm9ACjDOO5YVm.jpg,100,tulip,0,1,0,0,0,0,0
HmbEFyZ26TWec.jpg,7,umbrella,0,1,0,0,0,0,0
HnLLvzG7XBQh3.jpg,62,apple,0,1,0,0,0,0,0
HoH7LTMOzU3cG.jpg,25,wood plank,0,1,1,0,0,0,0
HpHT9WhrQRYqQ.jpg,100,hay roll,1,0,0,1,1,0,0
HrEJI0a9H5JZC.jpg,17,mask,0,1,0,1,0,0,0
HuAK9MBbiJ5fo.jpg,40,stone,0,1,0,0,0,0,1
HvIYVXK7LwUbO.jpg,16,ball,0,1,0,0,0,0,0
I2qdL07MaO2es.jpg,3,duck,1,1,0,0,0,0,0
I9GZRfaTKcmyC.jpg,10,swan,0,1,0,1,1,0,1
IENF534YTqV0X.jpg,26,flower,0,1,0,1,0,0,1
IFpMh7vfPe39G.jpg,3,chair,0,1,0,0,0,0,0
IFwiNAXrRM3SD.jpg,40,flower,0,1,0,0,0,0,0
IQlKl8Y3f6O4Z.jpg,5,sheep,0,1,0,0,0,0,0
IhUqYJNwh0vFM.jpg,8,flower,0,1,0,1,1,0,1
IiSShnoYZRMU6.jpg,13,pumpkin,0,1,0,0,1,0,0
IkTeIO5MsCu0o.jpg,3,light,0,1,0,0,0,0,0
IkdRCu0REa40Y.jpg,11,cupcake,0,1,0,1,0,0,0
Ikg4twZkUmf91.jpg,5,potato,0,0,0,0,1,0,0
IlDTyt4jdUcwn.jpg,100,poppy,0,1,0,1,0,0,1
IlT9hL48rTrIY.jpg,13,crayon,0,1,0,1,0,0,0
IofIqvz9Q7DXi.jpg,35,circle,0,1,0,0,0,0,0
IpNPGE4cPEod1.jpg,30,flower,0,1,0,0,0,0,1
IpNXcZSt9Pz6Y.jpg,21,flower,0,1,0,0,0,0,0
IywcowlVFV2rv.jpg,50,blueberry,0,1,0,1,1,0,0
J5vCVO7NZ3dcF.jpg,27,drawer,0,1,0,0,0,0,0
JJSHBabJe5vS0.jpg,11,carrot,0,1,0,0,0,0,0
JSbVa2QWzjomg.jpg,4,flamingo,0,1,0,0,0,0,0
JTuisBXrLO7Ir.jpg,16,flower,0,1,0,0,0,0,0
Jdv7BYZZdUZb6.jpg,6,flower,0,1,0,0,0,0,0
Jilc5Qnb6OGof.jpg,15,candy,0,1,1,0,0,0,0
JjEqaAelX6I9f.jpg,26,tulip,0,1,0,1,1,0,1
JjiU2Z2cEUXf4.jpg,8,beads,0,1,0,0,1,0,0
JliX6TLrqM68Z.jpg,50,leaf,0,1,1,0,1,0,0
JxCsvOzTOD0lK.jpg,29,muffin,0,1,0,0,0,0,0
K7spEPPOFbZsc.jpg,2,cup,0,1,0,0,1,0,1
OWcgYoFMLKyt7.jpg,37,stone,0,1,0,0,0,0,0
a0NArkiBtqJb6.jpg,5,sign,0,0,0,1,0,0,0
a0aqTblJiD4It.jpg,40,pigeon,0,1,1,0,0,0,0
a0pBXv4bsgzRI.jpg,50,candy,0,1,0,0,1,0,0
a23iqrUbVlJXo.jpg,3,owl,0,0,0,1,0,0,0
a26c6OtvtE0TI.jpg,9,toilet paper,0,1,0,0,0,0,1
a3PjYxyilfX8w.jpg,40,grape,0,1,0,0,0,0,0
a6NhATA5XkIQL.jpg,100,tulip,0,1,0,0,0,0,0
a6WirLBNakLh9.jpg,24,bullet,0,1,0,0,0,0,0
aDavYsL0Sqqat.jpg,17,chess figure,0,1,0,0,1,0,0
aKvJHAr2LF1oD.jpg,2,pumpkin,0,1,0,1,0,0,1
aRRFvCLYkOC8Z.jpg,14,bottle,0,1,0,0,0,0,0
aXR2qt4mQZc41.jpg,23,mushroom,0,1,0,0,0,0,0
acCDyZzPtsnF4.jpg,32,grape,0,1,0,0,0,0,0
adPC1muZU5nAW.jpg,33,tulip,0,1,0,0,0,0,0
aeMUt26tur3g2.jpg,100,flower,0,1,0,0,0,0,0
af6ukxwNYp2q7.jpg,21,match,0,1,0,1,0,0,0
af8Mso7ut0ziO.jpg,2,hook,0,1,0,0,0,0,1
agfE1wXhhKfxi.jpg,30,beans,0,1,0,0,0,0,0
ahpP2wi39FUFR.jpg,10,duck,0,1,0,0,0,1,0
aj8Ey2y6x3OCq.jpg,11,egg,0,1,0,0,0,0,0
am4ya3L2eJzf7.jpg,6,bolt,1,0,0,0,0,0,0
amMSP1rgYBhUv.jpg,4,toy duck,1,0,0,0,0,0,0
amMix86B0OAlu.jpg,15,poppy,0,1,0,0,0,0,0
amcA7wCqLJsbo.jpg,9,toy duck,0,1,0,0,1,0,0
an6Dboyppuk1h.jpg,8,candy,0,1,0,0,0,0,0
andKghrW9GWVR.jpg,51,leaf,0,1,0,0,0,0,0
ao0epcVmDZma0.jpg,5,cauliflower,0,1,0,0,0,0,0
atdUZDxix01co.jpg,4,chicken,0,1,0,0,0,0,0
az3gWRe1mDDIS.jpg,10,garlic,0,1,0,0,0,0,0
azABEiBLUt77U.jpg,100,lego,0,1,0,0,0,0,0
azkZ5NqyctdaO.jpg,10,bottle cap,0,1,0,0,0,0,1
b14FcSCNCWlSq.jpg,5,tulip,0,1,0,0,0,0,0
b8Y38LcgkNzI4.jpg,50,flower,0,1,1,0,0,0,0
b8tv8aaL8IX6S.jpg,9,candy,0,0,0,0,1,0,0
b9HoaAycPuKPn.jpg,11,tile,0,1,0,0,0,0,1
bCy0BrWAFYwfo.jpg,3,flower,0,1,0,0,0,0,0
bGFtxB0Nrez3P.jpg,40,flower,0,1,0,0,1,0,0
bIMMu8xDyiWoB.jpg,20,flower,0,1,0,0,1,0,0
bK3mRwDWAb2O8.jpg,29,pumpkin,0,1,0,0,0,0,0
bMMEhCSkvA4vb.jpg,47,bird,0,1,0,0,0,0,0
bR3NFbXRC5QEV.jpg,18,tulip,0,1,0,1,0,0,0
bUEJVKFvnOn8P.jpg,27,phone,0,1,0,0,0,0,0
bUZUi9X4pW4oM.jpg,6,lemon,0,1,0,1,1,0,1
bUxKcGVrYrR8I.jpg,3,bike,0,1,0,0,0,0,1
bWnDdz90LEypk.jpg,7,swan,0,1,0,0,0,0,0
bXlt61zKF6lPw.jpg,50,wood plank,0,1,0,0,0,0,0
bY65PyNRU9pMY.jpg,9,flower,0,0,0,1,0,0,0
bbi2zJuhh3wMg.jpg,3,nail,0,1,0,0,0,0,1
be33MNXfz8Cwn.jpg,6,box,1,0,0,0,0,0,0
bfUeur4aLLOLd.jpg,4,bird,0,0,0,1,0,1,0
bhmYg1foi9SAU.jpg,36,stone,0,1,0,0,0,1,1
birbTq0Ck42Qe.jpg,4,seagull,0,1,0,1,0,0,1
bmLI9fjYSSvgS.jpg,8,text,0,0,0,0,1,0,1
bmrgyZ0D2RuuI.jpg,8,apple,0,1,0,1,1,0,1
bniik5O871Ll8.jpg,3,snowman,0,1,0,0,0,0,0
bnwF6OIKLRyg6.jpg,50,window,0,1,0,0,0,0,0
bqvuWklbZtR43.jpg,8,pencil,1,0,0,0,0,0,0
brD76kWDWCfg2.jpg,3,plant,0,1,0,0,1,0,0
btfrOw3o6omSj.jpg,10,label,0,1,0,0,0,0,1
bxSPGK4vmkDd5.jpg,2,pineapple,0,1,0,0,1,0,1
bxkZpCVVAtI2X.jpg,14,coffee pod,0,1,0,0,0,0,0
c1N6iDRyhksw0.jpg,24,candy,0,1,0,0,0,0,0
c32rX21RpVKni.jpg,60,doughnut,0,1,0,0,0,0,0
c5jUsjsowgkmz.jpg,32,candy,0,1,0,0,0,0,0
c6hvQgvHzwRLV.jpg,24,apple,0,1,0,0,0,0,0
c6vk49fMP4YLY.jpg,6,cupcake,0,1,0,0,0,0,1
c87KYYPsw2gwF.jpg,13,fish,0,1,0,0,0,0,0
cDS1ld54RR0QI.jpg,80,head,0,0,0,1,0,0,1
cEXA2qBxRUKBR.jpg,9,chicken wing,0,1,0,0,0,1,0
cFAUaqF35CSLz.jpg,6,bowl,0,1,0,0,0,0,0
cH29GO6kJHic5.jpg,40,pencil,0,1,0,1,0,0,0
cJKS83pHiOFs7.jpg,6,flower,0,1,0,0,0,0,0
cLbh67bT8X39g.jpg,13,candy,0,1,0,1,1,0,0
cLr1LndCqzA8S.jpg,2,drink,0,1,0,0,1,0,1
cPZ9t8Snf9rYG.jpg,3,duck,0,1,0,0,0,0,1
cPaTZFGa0QfHY.jpg,4,cookie,0,1,1,0,0,0,0
cPfiItf56gA8Y.jpg,100,flower,0,1,0,0,0,0,0
cQnZ4cZezVvVF.jpg,30,dandelion,0,0,1,1,1,0,1
cShrFfZrIL58l.jpg,44,cobblestone,0,1,0,0,0,0,0
cTFdyxX06ytIj.jpg,21,flamingo,1,1,0,0,0,0,0
cahApe2tXUHpi.jpg,20,butterfly,0,1,0,0,0,0,0
cbCDsIAxL2LYZ.jpg,50,candy,0,1,0,0,0,0,0
cbxx4MICNgVET.jpg,8,tile,1,0,0,0,0,0,0
ccrGm4WUffsHB.jpg,4,tomato,0,1,0,0,0,0,0
cct2S8lJwjDvk.jpg,60,tulip,0,1,0,1,0,0,0
cdfqyrd0rqY8D.jpg,8,pepper,0,1,0,0,0,0,0
ce4JiDhlwHSJS.jpg,14,rose,0,1,0,1,1,0,1
ceSf3PTjhNew6.jpg,15,poppy,0,1,0,0,1,0,0
ciT7WbwL1i9yL.jpg,8,tulip,0,1,1,1,0,1,1
cvpCKrSADaj7z.jpg,19,banana,0,1,0,0,0,0,0
cvxVssXmo6p6H.jpg,15,tulip,0,1,0,0,1,0,0
cxyflMbjChr4w.jpg,26,corn,0,1,0,0,0,0,0
cyEHknI8CwX9c.jpg,15,tile,0,1,0,0,0,0,1
czTrOpv0aBgB5.jpg,31,tile,0,1,0,0,0,0,1
d23Jgopuo31ID.jpg,12,ball,0,1,0,0,0,0,0
d3BtpYPmIrapg.jpg,100,chalk,0,1,0,1,0,0,0
d3uYhcuFqvMRz.jpg,4,toy,0,1,0,0,0,0,0
d9IXcoUzDgEeu.jpg,20,lemon,0,1,0,1,1,0,0
dAVshzQxMTuH0.jpg,40,date,0,1,0,0,0,0,0
dAd2Vwr5g4zt1.jpg,100,leaf,0,1,0,0,0,0,0
dCoG5aDceptZz.jpg,3,pod,0,1,0,0,0,0,0
dFFhrosCgQRs9.jpg,50,flower,0,1,0,0,0,0,0
dG9Si3ekxxsyp.jpg,3,glass,0,1,0,0,0,0,0
dHDoD0pu4vYM8.jpg,26,egg,0,1,0,0,0,0,1
dHpIyFQPKKQ1e.jpg,11,cupcake,0,0,0,1,1,0,0
dJnPHa1tGpYYq.jpg,6,chicken,0,1,0,0,1,0,0
dT9V05vMW7RIj.jpg,12,pod,0,1,0,0,0,0,0
dTCsp0Oj1WCks.jpg,8,pod,0,1,0,0,0,0,0
dUBqi3Z1w8P2p.jpg,3,photo,0,1,0,0,0,0,0
dUCEHyzscPF0m.jpg,3,case,0,1,0,0,0,0,0
dUlHWdUt91Cau.jpg,5,lemon,0,1,0,0,0,0,0
dVSm1u0HOE0qT.jpg,50,straw,0,0,0,0,1,0,0
dWsYxC1FD7J3D.jpg,8,drink,0,1,0,0,0,0,0
dZC9QmFuBWsJW.jpg,10,swan,0,1,0,1,1,0,1
db4bJW22U33cn.jpg,47,window,0,1,0,0,0,0,1
dbhjc12Hh7fms.jpg,100,elephant,0,1,0,0,0,0,0
dcL7p3LiZgoLJ.jpg,4,house,0,1,0,0,0,0,0
ddqZ4eMPl39XN.jpg,3,waffle maker,0,0,0,1,0,0,1
df0pu4bd3aKww.jpg,40,tomato,0,1,0,0,0,0,0
disZFZ6hYQEVO.jpg,50,leaf,0,1,0,0,0,0,1
djbcI4eehynYv.jpg,8,pillar,0,1,0,0,0,0,0
dk8nZI6HXf24O.jpg,9,tulip,0,1,0,0,0,0,1
dl915YdElVSCq.jpg,12,strawberry,0,1,0,1,1,0,0
dnj56E6ZJniXs.jpg,6,flower,0,1,0,0,0,0,1
dq5zh7ChRI4ZV.jpg,26,plant,0,1,0,0,0,0,0
dt0FUpSTqtYKK.jpg,29,egg,0,1,0,0,0,0,0
dt0ZACobDKTh6.jpg,17,grape,0,1,0,0,1,0,0
dunPgFcpywap1.jpg,3,giraffe,1,0,0,0,0,0,0
dvGz86tIRnfCy.jpg,14,deer,0,1,0,0,0,0,0
dvocauO0Olwj2.jpg,40,shape,0,1,0,0,0,0,0
e1zlFX89MTwWX.jpg,50,grape,0,1,0,0,0,0,0
e31CK5dWa7UrP.jpg,34,pumpkin,0,1,0,0,1,0,1
e4kdUwWcLsaYm.jpg,14,stamp,0,1,0,0,0,0,0
e52Ok4DELXvb8.jpg,3,drink,0,1,0,0,0,0,0
eADwB87VuSt1X.jpg,7,petal,0,1,0,0,0,0,0
eFUCPE6lLMIvr.jpg,100,stud,0,1,0,0,0,0,0
eG7ItMuJMDoqm.jpg,100,blinds,0,1,0,0,0,0,0
eHvwDDFWc8hZG.jpg,6,chair,0,1,0,1,0,0,0
eNZQSirRU4nEC.jpg,4,pencil,0,0,0,1,0,0,0
eQvtmB0u4DX5y.jpg,35,battery,1,0,0,1,0,0,1
eREkeRr7G1frx.jpg,3,can,0,1,0,0,1,0,1
eRoKk5ZNCJQaa.jpg,100,poppy,0,1,0,1,1,0,0
eUsOAgwS0h9MJ.jpg,4,duck,0,1,0,1,1,0,1
eYzKEGqJfXr60.jpg,24,cobblestone,0,1,0,0,0,0,0
eaE4UcQDhCOyb.jpg,5,folder,0,1,0,0,0,0,0
eaihGB4KF11FG.jpg,100,person,0,1,0,0,0,0,0
eekcBHPtrN3M9.jpg,6,lemon,0,1,0,1,0,0,0
egyhQPrBdVS2p.jpg,5,t-shirt,0,1,0,0,0,0,0
ehfe0c5kpp2Zf.jpg,100,leaf,0,1,0,0,1,0,0
ekH0XCLattUik.jpg,4,pumpkin,0,1,0,0,0,0,0
elFzzl3Jzkfhy.jpg,4,seagull,0,1,0,1,1,0,1
emPNxgoKJa0FS.jpg,3,flower,0,1,0,0,0,0,0
epGZAQwJPR3dh.jpg,7,toy,0,1,0,0,0,0,0
etrMKwwT79aRp.jpg,50,tree,0,1,0,0,0,0,0
evT9cVFpsu7tH.jpg,4,saucer,0,1,0,0,0,0,1
exQ1XLVUjgvxa.jpg,10,leaf,0,1,0,0,0,0,0
f1dgLIXngxSby.jpg,4,sheep,0,1,0,0,0,0,0
f2Utaf5FnILJ1.jpg,100,pin,0,1,0,1,1,0,0
f4BsJ6w5snSCv.jpg,19,container,0,1,0,0,0,0,0
f6ydV9xg9Adpx.jpg,50,leaf,0,1,0,1,0,0,0
f86zeELdTZ6ed.jpg,100,tulip,0,1,0,0,0,0,1
fAEobC9yDqv3W.jpg,20,petal,0,1,0,0,0,0,0
fCn5kDNyULFBi.jpg,3,cat,0,0,0,0,0,0,1
fEaTQrc2rSht6.jpg,3,window,0,0,0,1,0,0,0
fFyWLIdq5zYBU.jpg,2,parrot,1,0,0,0,1,0,0
fHAu9GGb3Qrip.jpg,50,potato chip,0,0,0,1,0,0,0
fHUgWur7rVVM3.jpg,4,zebra,1,0,0,1,0,0,0
fKFwKPCBXjfo3.jpg,13,watermelon,0,0,0,0,1,0,0
fMiLVQPeHBbE2.jpg,17,flamingo,0,1,0,0,0,0,0
fMwC3rfvVOt0O.jpg,14,pineappe,0,1,0,0,0,0,0
fQHiXHQui9klU.jpg,100,tree,0,1,0,0,0,0,0
fQLz79Extfa6z.jpg,18,leaf,0,1,0,0,0,0,0
fRZqNxq54ByIY.jpg,11,candle,0,1,0,0,0,0,0
fTbksK2vzeQQW.jpg,6,figurine,0,1,0,1,1,0,0
fTpeACvbLAfL3.jpg,14,duck,0,1,0,0,0,0,1
fVHyWeQyQd86Y.jpg,7,light,1,0,0,0,1,0,0
fYYRro002xuDZ.jpg,100,stone,0,1,0,0,0,0,0
fbP9UxnrApUto.jpg,17,banana,0,1,0,0,1,0,0
fbdvNla17mu3W.jpg,3,pigeon,0,0,0,1,0,0,0
feq54HCyZLS5R.jpg,9,candy,0,1,0,0,0,0,0
fhamx5WuYH0Ti.jpg,3,cat,0,1,0,0,0,0,1
fi7146IO0s3oy.jpg,100,grape,0,1,0,0,0,0,0
fksTsUQu83DuH.jpg,21,stone,0,1,0,0,0,0,0
fkvHi6DUSkzM8.jpg,100,paper clip,0,1,0,1,1,0,0
fmtDb5f73ZvqE.jpg,13,cookie,0,1,0,0,0,0,0
fnn7hwWyoWKsk.jpg,4,gate,0,1,0,0,0,0,1
ftPaHzR1FCTQL.jpg,23,flower,0,1,0,1,0,0,0
fuJviv39HFwap.jpg,7,egg,0,1,0,1,0,0,0
fvPWi0eGRw1c2.jpg,40,tulip,0,0,0,1,0,0,0
g5qk55KN8V7BU.jpg,15,potato,0,1,0,0,0,0,0
g7br2vJQhQ1Yd.jpg,12,snail,0,1,0,1,0,0,0
g8wUlUjW4dmqz.jpg,3,parrot,0,1,0,1,1,0,1
gCUxmHDRVCAO0.jpg,2,rose,0,1,0,0,0,0,0
gDFSMs5Cdywsv.jpg,30,piano hammer,0,1,0,0,0,0,0
gFl52LAWhlGbr.jpg,4,cup,0,1,0,1,0,0,1
gH0zBnhGPuFOo.jpg,20,pigeon,0,1,0,1,0,0,1
gMQRFgqOTUf3A.jpg,3,watch,0,1,0,0,0,0,1
gQ2xrWJnp8v2y.jpg,11,object,0,0,0,0,1,0,0
gYAlFL00dx39X.jpg,5,bicycle,0,1,0,0,0,0,1
gecm1NioLbv4N.jpg,10,cookie,0,0,0,0,0,0,1
gfjxMm3dni9gj.jpg,8,pumpkin,0,1,0,1,1,0,0
gfu3smOfqraBB.jpg,50,umbrella,1,1,0,0,0,0,0
gkl4XBWpnJtE7.jpg,4,light,0,1,0,0,0,0,0
glR59AfI6Ifrv.jpg,4,tomato,0,0,0,1,1,0,0
goSwci2lYQC4b.jpg,19,grape,0,1,0,0,0,0,0
gqEiuMaK0cl9h.jpg,15,berry,0,1,0,0,0,0,0
groTZtygF3MJ6.jpg,50,leaf,0,1,0,0,0,0,1
grunddb7CwIMr.jpg,23,candy,0,0,0,1,0,0,0
gutnWdn6Vhn3P.jpg,3,stool,0,1,0,0,0,0,0
gy0qe3xjkVXtP.jpg,5,paper clip,0,0,0,0,1,0,0
h5GAPflEzy43S.jpg,2,drink,0,1,0,0,1,0,1
h6zbBHshUfUiY.jpg,33,flower,0,1,0,0,0,0,1
h99IZVVtoDIdY.jpg,25,acoustic foam,0,1,0,0,0,0,0
hBQPuqf1n5Pzo.jpg,16,marker,1,0,0,0,0,0,0
hDeiQCWbRDh9V.jpg,11,box,1,1,0,0,0,0,0
hE24Ufa5YVOTh.jpg,10,candy,1,0,0,1,0,0,0
hGgP3nvJQRV8k.jpg,14,cart,0,1,0,0,0,0,0
hHtcJ4IZWgZ7k.jpg,5,egg,0,1,0,0,0,0,0
hI9i5gzXWNhwU.jpg,17,fish,0,1,0,0,0,0,0
hJ6igjWdALCsL.jpg,6,spoon,0,0,0,0,1,0,0
hR6qdIrVFICVe.jpg,9,pastry,0,1,0,0,0,0,1
hTcMwshzofeU0.jpg,14,flower,0,1,0,0,1,0,1
hWoZ3Ld4OyyX6.jpg,22,poppy,0,1,0,0,0,0,0
hWxh2UnO93cXr.jpg,20,cork,0,1,0,0,0,0,0
hZHyE5fOJLdI0.jpg,13,boat,0,1,0,0,0,0,0
hZZ7T0Koy7YRd.jpg,3,egg,0,1,0,0,0,0,0
hhRk8zBZ2U2Zg.jpg,40,tulip,0,1,0,1,1,0,1
hlUhEzjwu0Vuq.jpg,7,seagull,1,0,0,0,0,0,0
hli1fSq3Zl1wE.jpg,2,banana,0,1,0,0,0,0,0
hvF4t0Cc2CUCr.jpg,10,cow,0,1,0,0,1,0,0
hwLF14K6Q1BYS.jpg,11,candy,0,0,0,1,0,0,0
hxdNqj3RIlxLQ.jpg,5,pod,0,1,0,0,0,0,0
i0DEMXi6gL5lK.jpg,17,strawberry,0,1,0,0,0,1,0
i0J7JvwoE5Rcl.jpg,7,flower,1,1,0,1,0,0,0
i0vxTbZ28ldNh.jpg,9,strawberry,0,1,0,0,0,0,0
i1GyX6Q4ED5Yt.jpg,7,pepper,0,1,0,0,0,0,0
i3xD5yOdMM7Tq.jpg,4,pendant,0,0,0,1,0,0,1
i4CNHXw5riPGb.jpg,20,flower,0,1,0,1,0,0,0
i5HAgAGMhIjJu.jpg,6,candy,0,1,0,1,0,0,0
i7S9C2ZJTfcqN.jpg,7,egg,0,1,0,0,0,0,0
i7edVwY6Scl1I.jpg,11,shell,0,0,0,1,0,0,1
i8x9myjg4D0EJ.jpg,4,toilet paper,0,1,0,0,0,0,0
iBYyA1yIrHNBH.jpg,2,bottle,0,1,0,1,0,0,1
iCNUnrEE1Wve9.jpg,11,spoon,0,1,0,0,0,0,0
iDe5jzGYiWhS6.jpg,13,chess figure,0,1,1,0,0,0,0
iFZCVivLjO8BG.jpg,25,ball,0,1,0,0,0,0,1
iJKYt7c24j2YS.jpg,11,cupcake,0,1,0,0,0,0,1
iSXOKj9QVKp7q.jpg,27,tulip,0,1,0,1,0,0,1
iTxMwFRPE8Jhc.jpg,12,ball,0,1,0,0,0,0,0
iVEJf6wrsAazL.jpg,11,leaf,0,1,0,0,0,0,0
iXCtRFHJV87Gb.jpg,10,egg,0,1,0,0,0,0,0
idGiqk02B7Aud.jpg,16,tulip,0,1,1,1,0,0,0
nzSgVU3rZ26Je.jpg,30,leaf,0,1,0,0,0,0,0
o1mORgWmK62nh.jpg,100,toothbrush,1,0,0,0,0,0,0
o1uA41G16j93Z.jpg,13,candy,0,1,0,0,0,0,1
o2lSQ7aGqI51U.jpg,15,tulip,0,1,0,0,0,0,1
o4YReimcx7Vgb.jpg,50,flower,0,1,0,0,0,0,0
o6B7DgjpW13Jd.jpg,60,pencil,0,1,0,0,0,0,0
o6cC5x4bJiuhf.jpg,40,candy,0,1,0,0,0,0,0
o7PeGnHvUFgBI.jpg,3,chair,0,1,0,0,0,0,0
o7gGHIq7LSfdO.jpg,26,strawberry,0,0,0,0,1,0,0
o7kQutFhDIoof.jpg,9,pepper,0,1,0,0,1,0,0
o81dfwLhb6cmf.jpg,40,petal,0,1,0,0,0,0,0
o8HDDwVarY3GG.jpg,30,flower,0,1,0,0,0,0,1
oEx0olc3aUfXJ.jpg,33,pigeon,0,0,0,0,0,1,0
oFT4IT92h3haB.jpg,7,stamp,0,1,0,1,0,0,0
oH46Di3HAGG8q.jpg,23,banana,0,1,0,0,0,0,0
oIZ3sHdcTcbXC.jpg,10,tree,0,0,0,1,0,0,0
oIlprlIy275AV.jpg,16,text,0,1,0,1,0,0,0
oK0BZYzSF1UH7.jpg,3,flower pot,0,1,0,0,0,0,0
oKZ59DdJzI2F1.jpg,6,light,1,0,0,0,0,0,0
oKuhWZMz9yF0L.jpg,23,pencil,0,1,0,1,0,0,0
oMYEaxmK8k1oH.jpg,40,sheep,1,1,0,0,0,0,0
oNUNAtXHKwO0i.jpg,12,chair,0,1,0,0,0,0,1
oPqDK2YOafdyN.jpg,5,tie,0,1,0,0,0,0,0
oRrA7ztNuiT2l.jpg,16,pigeon,0,1,0,0,0,0,0
oSvly6DegXVAn.jpg,3,chair,0,1,0,0,0,0,0
oTVcbK4OWJtGR.jpg,14,pumpkin,0,1,0,1,0,0,1
oWlzoRjLKL1Jg.jpg,3,nail,0,1,0,0,0,0,1
oXFnKZpiblCx9.jpg,14,cookie,0,1,0,0,0,0,1
oXRr2adkknicz.jpg,5,desk,0,1,0,0,0,0,0
oZ55yrC8UF6Mw.jpg,100,tile,0,1,0,0,0,0,0
oaHCw2tagoK8P.jpg,6,candy,0,1,1,0,0,0,0
obHEBB3bOIwRQ.jpg,100,figurine,0,1,0,0,0,0,1
oeX3C3nbCu3yj.jpg,5,candy,0,1,0,0,0,0,0
oehyyR6MQZwfY.jpg,40,step,0,1,0,0,0,0,0
of2oePq26w16r.jpg,3,nail,0,1,0,0,0,0,0
oh1IE4otZQ905.jpg,3,light,0,1,0,0,0,0,0
oiSU7DtaoQpMp.jpg,13,berry,0,1,0,0,1,0,0
oj6PKBVVIhFOb.jpg,40,seagull,0,0,0,1,0,0,0
olTFOHKVU8bWI.jpg,36,ticket,0,1,0,0,0,0,0
oqQmuv0bTZHsc.jpg,27,duck,0,1,0,1,1,0,0
owkv1bhRy6QnO.jpg,7,bird,0,0,0,1,0,0,0
oxv3uBpUoQJ4U.jpg,3,bottle,0,1,0,1,0,0,1
oyI9YOwqhjeOm.jpg,9,coat,0,1,0,1,0,0,0
